sno,complaint,complaint_type,recieved_date,incident_date,county,incident_status_desc,incident_zip,incident_closed_date
1,426502,['Air'],2026-09-17,2026-09-17,Frederick,Under Investigation,21703,2026-09-17
2,426499,['Other'],2026-09-12,2026-09-12,Prince George's,Incident Closed-Managed,20737,2026-09-12
3,426497,['Air'],2026-09-16,2026-09-16,Frederick,Under Investigation,21703,2026-09-16
4,426496,['Odor'],2026-09-12,2026-09-12,Dorchester,Incident Closed - No further action,21835,2026-09-12
5,426495,['Odor'],2026-09-12,2026-09-12,Dorchester,Incident Closed - No further action,21835,2026-09-12
6,426486,"['Air', 'Fumes']",2026-09-15,2026-09-14,Montgomery,Referred to Outside Agency,20903,2026-09-14
7,426485,['Air'],2026-09-11,2026-09-11,Montgomery,Incident Closed-Managed,20904,2026-09-11
8,426483,['Air'],2026-09-14,2026-09-15,Anne Arundel,Incident Closed-Managed,21226,2026-09-15
9,426477,['Air'],2026-09-03,2026-09-03,Anne Arundel,Incident Closed - No further action,21060,2026-09-03
10,426476,['Air'],2026-09-10,2026-09-10,Anne Arundel,Incident Closed-Managed,21226,2026-09-10
11,426475,['Air'],2026-09-06,2026-09-06,Anne Arundel,Incident Closed-No Violation Observed,21090,2026-09-06
12,426474,['Air'],2026-09-14,2026-09-14,Anne Arundel,Under Investigation,21401,2026-09-14
13,426473,['Air'],2026-08-28,2026-08-28,Charles,Incident Closed-Managed,20637,2026-08-28
14,426471,['Other'],2026-09-04,2026-09-04,Prince George's,Incident Closed-Managed,,2026-09-04
15,426470,['Odor'],2026-09-09,2026-09-09,Carroll,Incident Closed-Managed,,2026-09-09
16,426469,['Air Pollutant Release'],2026-09-04,2026-09-04,Baltimore City,Incident Closed-Managed,,2026-09-04
17,426466,"['Air', 'Fugitive Dust/Particulate Matter']",2026-09-10,2026-09-10,Montgomery,Referred to Outside Agency,20877,2026-09-10
18,426453,['Odor'],2026-09-03,2026-09-03,Dorchester,Incident Closed - No further action,21835,2026-09-03
19,426452,"['Fugitive Dust/Particulate Matter', 'Fumes', 'Odor']",2026-08-31,2026-08-31,Allegany,Incident Closed - No further action,21501,2026-08-31
20,426445,"['Air', 'Odor']",2026-09-04,2026-09-03,Montgomery,Referred to Outside Agency,,2026-09-03
21,426425,['Other'],2026-08-31,2026-08-31,Howard,Incident Closed-Managed,,2026-08-31
22,426424,['Odor'],2026-08-31,2026-08-31,Dorchester,Incident Closed - No further action,21835,2026-08-31
23,426418,['Odor'],2026-08-24,2026-08-24,Baltimore City,Incident Closed-Managed,,2026-08-24
24,426412,['Other'],2026-08-31,2026-08-31,Howard,Incident Closed-Managed,,2026-08-31
25,426410,['Other'],2026-08-12,2026-08-12,Prince George's,Incident Closed-Managed,20785,2026-08-12
26,426408,['Fugitive Dust/Particulate Matter'],2026-08-18,2026-08-18,Allegany,Under Investigation,21542,2026-08-18
27,426407,"['Air', 'Fumes', 'Odor']",2026-08-24,2026-08-24,Montgomery,Incident Closed-Managed,20850,2026-08-24
28,426406,['Fugitive Dust/Particulate Matter'],2026-08-18,2026-08-18,Allegany,Under Investigation,21542,2026-08-18
29,426404,"['Air', 'Fumes', 'Odor']",2026-08-25,2026-08-24,Montgomery,Incident Closed-Managed,20850,2026-08-24
30,426393,"['Air', 'Fugitive Dust/Particulate Matter']",2026-08-21,2026-08-21,Montgomery,Referred to Outside Agency,20895,2026-08-21
31,426389,['Air'],2026-08-20,2026-08-20,Anne Arundel,Incident Closed - No further action,21140,2026-08-20
32,426388,['Air'],2026-08-26,2026-08-26,Charles,Incident Closed-Managed,20622,2026-08-26
33,426385,['Air'],2026-08-24,2026-08-24,Baltimore,Referred to Outside Agency,,2026-08-24
34,426384,['Air'],2026-08-24,2026-08-24,Harford,Referred to Outside Agency,,2026-08-24
35,426378,['Air'],2026-08-24,2026-08-24,Anne Arundel,Under Investigation,21122,2026-08-24
36,426377,['Other'],2026-08-19,2026-08-19,Washington,Incident Closed - No further action,21740,2026-08-19
37,426374,['Air'],2026-08-21,2026-08-21,Anne Arundel,Incident Closed-No Violation Observed,21113,2026-08-21
38,426373,['Air'],2026-08-23,2026-08-23,Anne Arundel,Incident Closed-Managed,21122,2026-08-23
39,426367,['Other'],2026-08-20,2026-08-20,Prince George's,Incident Closed-Managed,20785,2026-08-20
40,426365,"['Air', 'Fugitive Dust/Particulate Matter']",2026-08-20,2026-08-20,Montgomery,Referred to Outside Agency,20895,2026-08-20
41,426363,"['Air', 'Fugitive Dust/Particulate Matter', 'Odor']",2026-08-19,2026-08-19,Montgomery,Referred to Outside Agency,20815,2026-08-19
42,426359,['Odor'],2026-08-19,2026-08-19,Prince George's,Incident Closed-Managed,,2026-08-19
43,426354,['Air'],2026-08-18,2026-08-18,Cecil,Under Investigation,,2026-08-18
44,426353,['Air'],2026-08-17,2026-08-17,Cecil,Under Investigation,,2026-08-17
45,426346,['Air'],2026-08-17,2026-08-17,Charles,Incident Closed-Managed,,2026-08-17
46,426345,['Air'],2026-08-14,2026-08-14,Frederick,Under Investigation,21704,2026-08-14
47,426343,"['Odor', 'Open Burning', 'Smoke']",2026-08-16,2026-08-16,Washington,Referred to Outside Agency,21740,2026-08-16
48,426342,['Other'],2026-08-10,2026-08-10,Allegany,Incident Closed - No further action,21532,2026-08-10
49,426334,['Other'],2026-08-14,2026-08-14,Prince George's,Incident Closed-Managed,,2026-08-14
50,426319,['Fugitive Dust/Particulate Matter'],2026-08-06,2026-08-06,Baltimore City,Incident Closed-Managed,,2026-08-06
51,426317,['Fugitive Dust/Particulate Matter'],2026-07-14,2026-07-14,Baltimore City,Incident Closed-Managed,,2026-07-14
52,426316,['Fugitive Dust/Particulate Matter'],2026-08-04,2026-08-04,Baltimore City,Incident Closed-Managed,,2026-08-04
53,426315,['Odor'],2026-07-28,2026-07-28,Baltimore City,Incident Closed-Managed,,2026-07-28
54,426311,['ARA AQCP non-regulated entity'],2026-08-10,2026-08-10,Talbot,Incident Closed - No further action,,2026-08-10
55,426304,['Odor'],2026-07-30,2026-07-30,Dorchester,Incident Closed - No further action,21835,2026-07-30
56,426303,['Odor'],2026-07-31,2026-07-31,Dorchester,Incident Closed - No further action,21835,2026-07-31
57,426286,['Air'],2026-08-04,2026-08-04,Anne Arundel,Incident Closed - No further action,21061,2026-08-04
58,426284,['Other'],2026-08-04,2026-08-04,Howard,Incident Closed-Managed,,2026-08-04
59,426282,['Open Burning'],2026-08-03,2026-08-03,Washington,Referred to Outside Agency,21740,2026-08-03
60,426279,['Other'],2026-08-03,2026-08-03,Allegany,Incident Closed - No further action,21532,2026-08-03
61,426278,['Odor'],2026-08-03,2026-07-31,Allegany,Under Investigation,21502,2026-07-31
62,426274,['Air'],2026-07-31,2026-07-31,Anne Arundel,Incident Closed-Managed,21090,2026-07-31
63,426273,['Air'],2026-08-03,2026-08-03,Anne Arundel,Under Investigation,21114,2026-08-03
64,426272,['Air'],2026-08-01,2026-08-01,Frederick,Under Investigation,21701,2026-08-01
65,426271,['Air'],2026-07-28,2026-07-28,Anne Arundel,Referred to LMA,21225,2026-07-28
66,426270,['Air'],2026-07-27,2026-07-27,Anne Arundel,Incident Closed-No Violation Observed,21076,2026-07-27
67,426261,['Other'],2026-07-28,2026-07-28,Prince George's,Incident Closed-Managed,,2026-07-28
68,426260,['Other'],2026-07-28,2026-07-27,Prince George's,Incident Closed-Managed,,2026-07-27
69,426253,"['Air', 'Open Burning', 'Smoke']",2026-07-24,2026-07-24,St. Mary's,Referred to Outside Agency,,2026-07-24
70,426252,['Odor'],2026-07-25,2026-07-25,Dorchester,Incident Closed - No further action,21835,2026-07-25
71,426251,['Odor'],2026-07-18,2026-07-18,Dorchester,Incident Closed - No further action,21835,2026-07-18
72,426243,['Fugitive Dust/Particulate Matter'],2026-07-28,2026-07-27,Garrett,Under Investigation,21550,2026-07-27
73,426239,['Other'],2026-07-16,2026-07-16,Allegany,Incident Closed - No further action,21501,2026-07-16
74,426220,['Air'],2026-07-22,2026-07-22,Anne Arundel,Under Investigation,,2026-07-22
75,426217,['Other'],2026-07-20,2026-07-20,Howard,Incident Closed-Managed,21044,2026-07-20
76,426216,['Other'],2026-07-22,2026-07-17,Howard,Incident Closed-Managed,21044,2026-07-17
77,426215,['Air'],2026-07-19,2026-07-19,Charles,Under Investigation,20646,2026-07-19
78,426214,['Air'],2026-07-20,2026-07-20,Anne Arundel,Incident Closed-Managed,21122,2026-07-20
79,426211,['Smoke'],2026-07-20,2026-07-20,Baltimore City,Incident Closed-Managed,21212,2026-07-20
80,426210,['Smoke'],2026-07-20,2026-07-20,Baltimore City,Incident Closed-Managed,21212,2026-07-20
81,426209,['Smoke'],2026-07-20,2026-07-20,Baltimore City,Incident Closed-Managed,21212,2026-07-20
82,426208,['Air'],2026-07-20,2026-07-20,Carroll,Incident Closed - No further action,,2026-07-20
83,426207,['Smoke'],2026-07-20,2026-07-20,Baltimore City,Incident Closed-Managed,21212,2026-07-20
84,426206,['Open Burning'],2026-07-17,2026-07-17,Carroll,Incident Closed-Managed,,2026-07-17
85,426205,['Air'],2026-07-10,2026-07-10,Baltimore,Under Investigation,,2026-07-10
86,426204,['ARA AQCP non-regulated entity'],2026-07-15,2026-07-15,Carroll,Incident Closed-Managed,,2026-07-15
87,426203,['Air'],2026-07-15,2026-07-15,Cecil,Referred to Outside Agency,,2026-07-15
88,426202,['Air'],2026-07-17,2026-07-17,,Referred to ARA,,2026-07-17
89,426201,['Fugitive Dust/Particulate Matter'],2026-07-14,2026-07-14,Carroll,Incident Closed-Managed,,2026-07-14
90,426200,['Air'],2026-07-17,2026-07-17,Baltimore,Referred to Outside Agency,,2026-07-17
91,426199,['Air'],2026-07-17,2026-07-17,Worcester,Incident Closed-Managed,,2026-07-17
92,426198,['Smoke'],2026-07-13,2026-07-13,Baltimore City,Incident Closed-Managed,21212,2026-07-13
93,426197,['Air'],2026-07-20,2026-07-20,Baltimore,Under Investigation,,2026-07-20
94,426196,['Fugitive Dust/Particulate Matter'],2026-07-10,2026-07-10,Baltimore City,Incident Closed-Managed,,2026-07-10
95,426195,['Air'],2026-07-21,2026-07-21,Harford,Under Investigation,,2026-07-21
96,426194,['Air'],2026-07-21,2026-07-21,Baltimore,Referred to Outside Agency,,2026-07-21
97,426193,['Other'],2026-07-10,2026-07-10,Washington,Incident Closed - No further action,,2026-07-10
98,426191,['Air Pollutant Release'],2026-07-10,2026-07-10,Baltimore City,Incident Closed-Managed,,2026-07-10
99,426187,['ARA AQCP non-regulated entity'],2026-07-21,2026-07-16,Talbot,Incident Closed - No further action,21625,2026-07-16
100,426176,['Other'],2026-07-15,2026-07-15,Howard,Incident Closed-Managed,21044,2026-07-15
101,426175,['Other'],2026-07-17,2026-07-16,Howard,Incident Closed-Managed,,2026-07-16
102,426174,['Other'],2026-07-15,2026-07-15,Howard,Incident Closed-Managed,,2026-07-15
103,426164,['Air'],2026-07-15,2026-07-01,Anne Arundel,Incident Closed-Managed,,2026-07-01
104,426153,['Air'],2026-07-13,2026-07-13,,Referred to Outside Agency,,2026-07-13
105,426149,['Other'],2026-07-09,2026-07-09,Prince George's,Incident Closed-Managed,,2026-07-09
106,426148,['Other'],2026-07-08,2026-07-08,Prince George's,Incident Closed-Managed,20785,2026-07-08
107,426139,['Air'],2026-07-06,2026-07-06,Cecil,Referred to Outside Agency,,2026-07-06
108,426137,['Lead Paint Poisoning Complaint'],2026-07-07,,Allegany,Referred to LMA,,
109,426133,['Open Burning'],2026-07-04,2026-07-04,Washington,Referred to Outside Agency,21740,2026-07-04
110,426132,"['Odor', 'Open Burning', 'Smoke']",2026-07-02,2026-07-02,Garrett,Referred to Outside Agency,21531,2026-07-02
111,426130,"['Noise Complaint', 'Other', 'Smoke']",2026-07-02,2026-07-02,Allegany,Incident Closed - No further action,21502,2026-07-02
112,426128,['Air'],2026-07-07,2026-07-06,Anne Arundel,Incident Closed-Managed,21225,2026-07-06
113,426127,['Air'],2026-07-06,2026-07-06,Anne Arundel,Incident Closed - No further action,21122,2026-07-06
114,426126,['Other'],2026-07-01,2026-07-01,Washington,Referred to ARA,21740,2026-07-01
115,426125,"['Odor', 'Smoke']",2026-06-29,2026-06-27,Allegany,Referred to Outside Agency,21502,2026-06-27
116,426123,['Other'],2026-06-23,2026-06-23,Allegany,Incident Closed - No further action,21502,2026-06-23
117,426120,['Air'],2026-07-02,,Cecil,Incident Closed-Managed,,
118,426115,"['Air', 'Fugitive Dust/Particulate Matter', 'Groundwater Contamination', 'Other']",2026-06-24,2026-06-24,Cecil,Referred to WMA,21921,2026-06-24
119,426099,['Air'],2026-06-29,2026-06-29,Baltimore,Incident Closed-Managed,,2026-06-29
120,426094,['Odor'],2026-06-26,2026-06-24,Howard,Incident Closed - No further action,20723,2026-06-24
121,426094,['Odor'],2026-06-24,2026-06-24,Howard,Incident Closed - No further action,20723,2026-06-24
123,426085,['Air'],2026-06-26,2026-06-26,Charles,Under Investigation,,2026-06-26
124,426084,['Air'],2026-06-26,2026-06-26,Anne Arundel,Incident Closed-No Violation Observed,21061,2026-06-26
125,426083,['Air'],2026-06-26,2026-06-26,Frederick,Incident Closed-Managed,21788,2026-06-26
126,426074,"['Air', 'Open Burning', 'Smoke']",2026-06-21,2026-06-19,St. Mary's,Referred to Outside Agency,20674,2026-06-19
127,426072,['Air'],2026-06-19,2026-06-18,Baltimore,Incident Closed-Managed,,2026-06-18
128,426064,"['Fugitive Dust/Particulate Matter', 'Fumes']",2026-06-23,2026-06-17,Montgomery,Referred to Outside Agency,20833,2026-06-17
129,426063,['ARA AQCP non-regulated entity'],2026-06-25,2026-06-12,Dorchester,Incident Closed-Managed,21613,2026-06-12
130,416053,['Odor'],2026-06-24,2026-06-24,Baltimore City,Incident Closed - No further action,,2026-06-24
131,416052,['Fugitive Dust/Particulate Matter'],2026-06-22,2026-06-22,Baltimore City,Incident Closed-Managed,,2026-06-22
132,416051,['Odor'],2026-06-16,2026-06-16,Baltimore City,Incident Closed-Managed,,2026-06-16
134,416037,['Odor'],2026-06-22,2026-06-18,Howard,Incident Closed - No further action,20723,2026-06-18
135,416037,['Odor'],2026-06-21,2026-06-18,Howard,Incident Closed - No further action,20723,2026-06-18
136,416037,['Odor'],2026-06-18,2026-06-18,Howard,Incident Closed - No further action,20723,2026-06-18
137,416036,['Odor'],2026-06-22,2026-06-17,Baltimore,Incident Closed - No further action,21222,2026-06-17
138,416031,"['Fugitive Dust/Particulate Matter', 'Fumes', 'Noise Complaint']",2026-06-15,2026-06-13,Garrett,Incident Closed - No further action,21531,2026-06-13
139,416030,"['Odor', 'Open Burning', 'Smoke']",2026-06-11,2026-06-11,Garrett,Incident Closed-Managed,21550,2026-06-11
140,416024,['Air'],2026-06-16,2026-06-16,Baltimore,Referred to Outside Agency,,2026-06-16
141,416023,['Air'],2026-06-15,2026-06-15,Harford,Incident Closed-No Violation Observed,,2026-06-15
142,416021,['Odor'],2026-06-16,2026-06-16,Baltimore City,Incident Closed-Managed,,2026-06-16
143,416020,['ARA AQCP non-regulated entity'],2026-06-15,2026-06-15,Baltimore City,Incident Closed - No further action,,2026-06-15
144,416017,['Fugitive Dust/Particulate Matter'],2026-06-15,2026-06-15,Baltimore City,Incident Closed-Managed,,2026-06-15
145,416016,['Odor'],2026-06-15,2026-06-15,Baltimore City,Incident Closed - No further action,,2026-06-15
146,416015,['Open Burning'],2026-06-15,2026-06-15,Carroll,Incident Closed-Managed,,2026-06-15
147,416011,['Odor'],2026-06-13,2026-06-13,Howard,Incident Closed - No further action,20723,2026-06-13
148,416011,['Odor'],2026-06-14,2026-06-13,Howard,Incident Closed - No further action,20723,2026-06-13
149,416011,['Odor'],2026-06-14,2026-06-13,Howard,Incident Closed - No further action,20723,2026-06-13
150,416004,['Air'],2026-06-13,2026-06-13,Anne Arundel,Incident Closed - No further action,21401,2026-06-13
151,416003,['Air'],2026-06-12,2026-06-12,Anne Arundel,Incident Closed-Managed,,2026-06-12
152,416000,['Odor'],2026-06-11,2026-06-11,Howard,Incident Closed - No further action,20723,2026-06-11
153,415984,['Air'],2026-06-10,2026-06-10,Charles,Incident Closed - No further action,20602,2026-06-10
154,415983,['Air'],2026-06-09,2026-06-09,Charles,Incident Closed - No further action,20602,2026-06-09
155,415982,['Air'],2026-06-09,2026-06-09,Frederick,Incident Closed-No Violation Observed,,2026-06-09
156,415981,['Air'],2026-06-09,2026-06-09,Frederick,Incident Closed - No further action,,2026-06-09
157,415975,['Other'],2026-06-08,2026-06-08,Allegany,Referred to Outside Agency,21502,2026-06-08
158,415974,"['Air', 'Asbestos Complaint', 'Fugitive Dust/Particulate Matter']",2026-06-08,2026-06-08,Montgomery,Incident Closed-Managed,20815,2026-06-08
160,415969,['Air'],2026-06-07,2026-06-07,Anne Arundel,Incident Closed - No further action,,2026-06-07
161,415968,['Air'],2026-06-07,2026-06-07,Charles,Incident Closed - No further action,,2026-06-07
162,415967,['Air'],2026-06-07,2026-06-07,Anne Arundel,Incident Closed - No further action,21037,2026-06-07
163,415966,['Air'],2026-06-05,2026-06-05,Charles,Incident Closed-No Violation Observed,20695,2026-06-05
164,415965,['Air'],2026-06-05,2026-06-05,Frederick,Incident Closed-No Violation Observed,21230,2026-06-05
165,415963,['Other'],2026-06-01,2026-06-01,Allegany,Incident Closed - No further action,21532,2026-06-01
166,415960,"['Air', 'Other']",2026-06-05,2026-06-05,Carroll,Incident Closed-Managed,,2026-06-05
167,415954,['Other'],2026-05-19,2026-05-19,Allegany,Referred to Outside Agency,21502,2026-05-19
168,415952,['ARA AQCP non-regulated entity'],2026-06-04,,Talbot,Incident Closed-No Violation Observed,21657,
169,415952,['ARA AQCP non-regulated entity'],2026-06-03,,Talbot,Incident Closed-No Violation Observed,21657,
170,415952,['ARA AQCP non-regulated entity'],2026-06-03,,Talbot,Incident Closed-No Violation Observed,21657,
171,415942,['ARA AQCP non-regulated entity'],2026-06-02,,Talbot,Incident Closed-No Violation Observed,21679,
172,415938,"['Agricultural', 'Odor']",2026-06-03,2026-06-03,Carroll,Referred to Outside Agency,21158,2026-06-03
173,415936,['ARA AQCP non-regulated entity'],2026-06-01,2026-06-01,Baltimore City,Incident Closed - No further action,,2026-06-01
174,415935,['Fugitive Dust/Particulate Matter'],2026-05-30,2026-05-30,Baltimore City,Incident Closed-Managed,,2026-05-30
175,415925,['Air'],2026-05-31,2026-05-31,Anne Arundel,Incident Closed-No Violation Observed,21060,2026-05-31
176,415924,['Air'],2026-05-26,2026-05-26,Frederick,Incident Closed - No further action,,2026-05-26
177,415922,"['Air', 'Asbestos Complaint', 'Hazardous Waste']",2026-05-28,2026-05-28,Montgomery,Referred to Outside Agency,20817,2026-05-28
178,415914,['Air'],2026-05-27,,Talbot,Incident Closed-Managed,21657,
179,415909,['Other'],2026-05-27,2026-05-27,Prince George's,Incident Closed-Managed,,2026-05-27
180,415896,['Fugitive Dust/Particulate Matter'],2026-05-18,2026-05-18,Baltimore City,Incident Closed-Managed,,2026-05-18
181,415895,['Odor'],2026-05-18,2026-05-18,Baltimore City,Incident Closed-Managed,,2026-05-18
182,415894,['Odor'],2026-05-11,2026-05-11,Baltimore City,Incident Closed-Managed,,2026-05-11
183,415889,['Air'],2026-05-26,2026-05-14,Baltimore,Incident Closed-No Violation Observed,,2026-05-14
184,405887,"['Air', 'Fugitive Dust/Particulate Matter']",2026-05-15,2026-05-15,Montgomery,Incident Closed-Managed,20877,2026-05-15
185,405885,['ARA AQCP non-regulated entity'],2026-05-18,,Worcester,Incident Closed-No Violation Observed,21613,
186,405884,['ARA AQCP non-regulated entity'],2026-05-21,,Worcester,Incident Closed-Managed,21843,
187,405883,['Air'],2026-05-21,2026-05-21,Frederick,Incident Closed - No further action,,2026-05-21
188,405867,"['Air', 'Odor']",2026-05-18,2026-05-13,Carroll,Referred to Outside Agency,21784,2026-05-13
189,405857,['Air'],2026-05-15,2026-05-15,Anne Arundel,Incident Closed - No further action,,2026-05-15
190,405855,"['Air', 'Open Burning']",2026-05-15,2026-05-14,Cecil,Referred to Outside Agency,21921,2026-05-14
191,405854,"['Air', 'Air Pollutant Release', 'Fumes']",2026-05-15,2026-03-03,Montgomery,Incident Closed-Managed,20850,2026-03-03
192,405852,['Open Burning'],2026-05-14,,Allegany,Under Investigation,21532,
193,405851,['Unknown Substance'],2026-05-13,2026-05-12,Allegany,Incident Closed - No further action,21502,2026-05-12
194,405849,['Other'],2026-05-13,2026-05-13,Howard,Incident Closed-Managed,,2026-05-13
195,405848,['Other'],2026-05-13,2026-05-13,Howard,Incident Closed-Managed,,2026-05-13
196,405847,['Other'],2026-05-12,2026-05-12,Prince George's,Incident Closed-Managed,,2026-05-12
197,405843,"['Air', 'Other']",2026-05-12,2026-05-11,Carroll,Incident Closed - No further action,,2026-05-11
198,405841,['ARA AQCP non-regulated entity'],2026-05-14,,Worcester,Incident Closed-No Violation Observed,,
199,405839,['ARA AQCP non-regulated entity'],2026-05-14,,Worcester,Incident Closed-No Violation Observed,21842,
200,405835,['Air'],2026-05-13,2026-05-13,Frederick,Incident Closed-Managed,21702,2026-05-13
201,405834,['Air'],2026-05-12,2026-05-12,Anne Arundel,Incident Closed-No Violation Observed,21113,2026-05-12
202,405830,['Other'],2026-05-11,2026-05-11,Prince George's,Incident Closed-Managed,,2026-05-11
203,405829,['Other'],2026-05-05,2026-05-05,Howard,Incident Closed-Managed,21044,2026-05-05
204,405828,['Other'],2026-05-08,2026-05-08,Prince George's,Incident Closed-Managed,,2026-05-08
205,405824,['Odor'],2026-05-08,2026-05-08,Baltimore City,Incident Closed - No further action,21224,2026-05-08
206,405819,"['Air', 'Fugitive Dust/Particulate Matter']",2026-05-05,2026-05-05,Cecil,Incident Closed-Managed,21921,2026-05-05
207,405804,"['Air', 'Odor']",2026-05-04,2026-05-04,Carroll,Referred to WMA,21102,2026-05-04
208,405803,"['Air', 'Fugitive Dust/Particulate Matter']",2026-05-05,2026-05-05,Montgomery,Referred to Outside Agency,20877,2026-05-05
209,405797,['ARA AQCP non-regulated entity'],2026-04-28,2026-04-28,Baltimore City,Incident Closed-Managed,,2026-04-28
210,405794,['Odor'],2026-04-28,2026-04-28,Baltimore City,Incident Closed-Managed,,2026-04-28
211,405790,['Fugitive Dust/Particulate Matter'],2026-04-27,2026-04-27,Baltimore City,Incident Closed-Managed,,2026-04-27
212,405789,['Odor'],2026-04-13,2026-04-13,Baltimore City,Incident Closed-Managed,,2026-04-13
213,405786,['Odor'],2026-04-29,2026-04-29,Dorchester,Incident Closed - No further action,21835,2026-04-29
214,405779,['Fugitive Dust/Particulate Matter'],2026-04-15,2026-04-15,Washington,Incident Closed-Managed,21740,2026-04-15
215,405778,['Odor'],2026-05-01,2026-05-01,Allegany,Referred to Outside Agency,21502,2026-05-01
216,405776,['Air'],2026-05-04,2026-05-01,Anne Arundel,Incident Closed - No further action,,2026-05-01
217,405775,['Air'],2026-05-01,2026-05-01,Anne Arundel,Incident Closed - No further action,,2026-05-01
218,405773,['ARA AQCP non-regulated entity'],2026-05-04,2026-05-04,Worcester,Incident Closed-Managed,21851,2026-05-04
219,405767,['Other'],2026-04-29,2026-04-29,Prince George's,Incident Closed-Managed,20785,2026-04-29
220,405766,['Other'],2026-04-27,2026-04-27,Prince George's,Incident Closed-Managed,20785,2026-04-27
221,405765,"['Agricultural', 'Air', 'Odor']",2026-04-22,2026-04-22,Carroll,Referred to Outside Agency,21784,2026-04-22
222,405764,"['Agricultural', 'Air', 'Odor']",2026-04-22,2026-04-22,Carroll,Referred to Outside Agency,21784,2026-04-22
223,405763,"['Agricultural', 'Air', 'Odor']",2026-04-22,2026-04-22,Carroll,Referred to Outside Agency,21784,2026-04-22
224,405762,"['Agricultural', 'Air', 'Odor']",2026-04-27,2026-04-24,Carroll,Referred to Outside Agency,21784,2026-04-24
225,405761,"['Agricultural', 'Air', 'Odor']",2026-04-24,2026-04-24,Carroll,Referred to Outside Agency,21784,2026-04-24
226,405760,"['Agricultural', 'Air', 'Odor']",2026-04-24,2026-04-24,Carroll,Referred to Outside Agency,21784,2026-04-24
227,405756,"['Agricultural', 'Air', 'Odor']",2026-04-30,2026-04-24,Carroll,Referred to Outside Agency,21784,2026-04-24
228,405755,"['Agricultural', 'Air', 'Odor']",2026-04-27,2026-04-24,Carroll,Referred to Outside Agency,21784,2026-04-24
229,405753,"['Agricultural', 'Air', 'Odor']",2026-04-27,2026-04-24,Carroll,Referred to Outside Agency,21784,2026-04-24
230,405752,"['Agricultural', 'Air', 'Odor']",2026-04-27,2026-04-24,Carroll,Referred to Outside Agency,21784,2026-04-24
231,405751,"['Agricultural', 'Air', 'Odor']",2026-04-28,2026-04-27,Carroll,Referred to Outside Agency,,2026-04-27
232,405750,"['Agricultural', 'Air', 'Odor']",2026-04-27,2026-04-24,Carroll,Referred to Outside Agency,21784,2026-04-24
233,405749,"['Agricultural', 'Air', 'Odor']",2026-04-27,2026-04-24,Carroll,Referred to Outside Agency,21784,2026-04-24
234,405748,"['Agricultural', 'Air', 'Odor']",2026-04-27,2026-04-24,Carroll,Referred to Outside Agency,21784,2026-04-24
235,405747,"['Agricultural', 'Air', 'Odor']",2026-04-27,2026-04-24,Carroll,Referred to Outside Agency,21784,2026-04-24
236,405746,"['Agricultural', 'Air', 'Odor']",2026-04-27,2026-04-25,Carroll,Referred to Outside Agency,21784,2026-04-25
237,405745,"['Agricultural', 'Air', 'Odor']",2026-04-23,2026-04-23,Carroll,Referred to Outside Agency,21784,2026-04-23
238,405744,['Air'],2026-04-22,2026-04-22,Cecil,Incident Closed-Managed,21921,2026-04-22
239,405742,"['Air', 'Fumes', 'Odor', 'Open Burning', 'Smoke']",2026-04-27,2026-04-24,Cecil,Referred to Outside Agency,21911,2026-04-24
240,405727,['Odor'],2026-04-22,2026-04-22,Baltimore City,Incident Closed - No further action,21224,2026-04-22
241,395710,['Other'],2026-04-18,2026-04-18,Prince George's,Incident Closed-Managed,,2026-04-18
242,395709,['Other'],2026-04-16,2026-04-16,Howard,Incident Closed-Managed,,2026-04-16
243,395708,['Other'],2026-04-15,2026-04-16,Howard,Incident Closed-Managed,,2026-04-16
244,395705,"['Air', 'Fumes', 'Odor', 'Other']",2026-04-17,2026-04-17,Montgomery,Referred to Outside Agency,20852,2026-04-17
245,395704,"['Air', 'Fumes', 'Odor', 'Other']",2026-04-16,2026-04-16,Cecil,Incident Closed-Managed,21903,2026-04-16
246,395687,['Air'],2026-04-14,2026-04-14,Frederick,Incident Closed-No Violation Observed,21710,2026-04-14
247,395686,['Air'],2026-04-11,2026-04-11,Anne Arundel,Incident Closed-Managed,21061,2026-04-11
248,395683,['Fugitive Dust/Particulate Matter'],2026-04-14,2026-04-14,Washington,Incident Closed - No further action,21742,2026-04-14
249,395682,"['Odor', 'Smoke']",2026-04-14,2026-04-10,Allegany,Incident Closed-No Violation Observed,21502,2026-04-10
250,395673,"['Air', 'Asbestos Complaint', 'Fugitive Dust/Particulate Matter', 'Other']",2026-04-10,2026-04-10,Montgomery,Referred to Outside Agency,,2026-04-10
251,395671,['Air'],2026-04-01,2026-04-01,Baltimore,Incident Closed-No Violation Observed,,2026-04-01
252,395669,['ARA AQCP non-regulated entity'],2026-04-09,2026-04-04,Caroline,Incident Closed-No Violation Observed,21632,2026-04-04
253,395666,"['Fugitive Dust/Particulate Matter', 'Suspected Operation without Permit']",2026-04-08,2026-04-08,Garrett,Incident Closed - No further action,,2026-04-08
254,395665,['ARA AQCP non-regulated entity'],2026-04-06,2026-04-05,Worcester,Incident Closed-Managed,21851,2026-04-05
255,395663,['Open Burning'],2026-03-31,2026-03-24,Washington,Referred to Outside Agency,21740,2026-03-24
256,395628,['Odor'],2026-04-04,2026-04-04,Howard,Incident Closed - No further action,20723,2026-04-04
257,395619,['Fugitive Dust/Particulate Matter'],2026-03-24,2026-03-24,Allegany,Incident Closed - No further action,21502,2026-03-24
258,395616,['Other'],2026-03-31,2026-03-31,Howard,Incident Closed-Managed,,2026-03-31
259,395615,['Other'],2026-04-01,2026-04-01,Prince George's,Incident Closed-Managed,,2026-04-01
260,395613,['Odor'],2026-04-01,2026-04-01,Howard,Incident Closed - No further action,20723,2026-04-01
261,395612,['Odor'],2026-03-25,2026-03-25,Howard,Incident Closed - No further action,20723,2026-03-25
262,395612,['Odor'],2026-03-25,2026-03-25,Howard,Incident Closed - No further action,20723,2026-03-25
263,395612,['Odor'],2026-03-27,2026-03-25,Howard,Incident Closed - No further action,20723,2026-03-25
264,395612,['Odor'],2026-03-25,2026-03-25,Howard,Incident Closed - No further action,20723,2026-03-25
265,395612,['Odor'],2026-03-26,2026-03-25,Howard,Incident Closed - No further action,20723,2026-03-25
266,395612,['Odor'],2026-03-25,2026-03-25,Howard,Incident Closed - No further action,20723,2026-03-25
267,395612,['Odor'],2026-03-25,2026-03-25,Howard,Incident Closed - No further action,20723,2026-03-25
268,395612,['Odor'],2026-03-25,2026-03-25,Howard,Incident Closed - No further action,20723,2026-03-25
269,395612,['Odor'],2026-03-27,2026-03-25,Howard,Incident Closed - No further action,20723,2026-03-25
270,395612,['Odor'],2026-03-26,2026-03-25,Howard,Incident Closed - No further action,20723,2026-03-25
271,395612,['Odor'],2026-03-26,2026-03-25,Howard,Incident Closed - No further action,20723,2026-03-25
272,395612,['Odor'],2026-03-25,2026-03-25,Howard,Incident Closed - No further action,20723,2026-03-25
273,395612,['Odor'],2026-03-29,2026-03-25,Howard,Incident Closed - No further action,20723,2026-03-25
274,395612,['Odor'],2026-03-25,2026-03-25,Howard,Incident Closed - No further action,20723,2026-03-25
275,395612,['Odor'],2026-03-29,2026-03-25,Howard,Incident Closed - No further action,20723,2026-03-25
276,395612,['Odor'],2026-03-25,2026-03-25,Howard,Incident Closed - No further action,20723,2026-03-25
277,395612,['Odor'],2026-03-29,2026-03-25,Howard,Incident Closed - No further action,20723,2026-03-25
278,395612,['Odor'],2026-03-26,2026-03-25,Howard,Incident Closed - No further action,20723,2026-03-25
279,395612,['Odor'],2026-03-29,2026-03-25,Howard,Incident Closed - No further action,20723,2026-03-25
280,395612,['Odor'],2026-03-26,2026-03-25,Howard,Incident Closed - No further action,20723,2026-03-25
281,395612,['Odor'],2026-03-26,2026-03-25,Howard,Incident Closed - No further action,20723,2026-03-25
282,395612,['Odor'],2026-03-26,2026-03-25,Howard,Incident Closed - No further action,20723,2026-03-25
283,395612,['Odor'],2026-03-26,2026-03-25,Howard,Incident Closed - No further action,20723,2026-03-25
284,395612,['Odor'],2026-03-29,2026-03-25,Howard,Incident Closed - No further action,20723,2026-03-25
285,395612,['Odor'],2026-03-26,2026-03-25,Howard,Incident Closed - No further action,20723,2026-03-25
286,395612,['Odor'],2026-03-26,2026-03-25,Howard,Incident Closed - No further action,20723,2026-03-25
287,395612,['Odor'],2026-03-26,2026-03-25,Howard,Incident Closed - No further action,20723,2026-03-25
288,395612,['Odor'],2026-03-26,2026-03-25,Howard,Incident Closed - No further action,20723,2026-03-25
289,395612,['Odor'],2026-03-27,2026-03-25,Howard,Incident Closed - No further action,20723,2026-03-25
290,395612,['Odor'],2026-03-26,2026-03-25,Howard,Incident Closed - No further action,20723,2026-03-25
291,395612,['Odor'],2026-03-29,2026-03-25,Howard,Incident Closed - No further action,20723,2026-03-25
292,395612,['Odor'],2026-03-26,2026-03-25,Howard,Incident Closed - No further action,20723,2026-03-25
293,395612,['Odor'],2026-03-29,2026-03-25,Howard,Incident Closed - No further action,20723,2026-03-25
294,395612,['Odor'],2026-04-02,2026-03-25,Howard,Incident Closed - No further action,20723,2026-03-25
295,395612,['Odor'],2026-04-02,2026-03-25,Howard,Incident Closed - No further action,20723,2026-03-25
296,395599,['Other'],2026-03-29,2026-03-29,Prince George's,Incident Closed-Managed,,2026-03-29
297,395594,['Air'],2026-03-26,2026-03-26,Baltimore,Referred to LMA,,2026-03-26
298,395593,"['Air', 'Odor', 'Open Burning']",2026-03-25,2026-03-24,Cecil,Referred to Outside Agency,21901,2026-03-24
299,395591,['Other'],2026-03-23,2026-03-23,Carroll,Referred to Outside Agency,21102,2026-03-23
300,395589,['Fugitive Dust/Particulate Matter'],2026-03-25,2026-03-25,St. Mary's,Incident Closed-Managed,,2026-03-25
301,395582,['Odor'],2026-03-23,2026-03-23,Baltimore City,Incident Closed-Managed,,2026-03-23
302,395580,['Odor'],2026-03-24,2026-03-24,Howard,Incident Closed - No further action,20723,2026-03-24
303,395579,['Odor'],2026-03-23,2026-03-23,Howard,Incident Closed - No further action,20723,2026-03-23
304,395578,['Odor'],2026-03-22,2026-03-22,Howard,Incident Closed - No further action,20723,2026-03-22
305,395577,['Odor'],2026-03-23,2026-03-23,Howard,Incident Closed - No further action,20723,2026-03-23
306,395576,['Odor'],2026-03-22,2026-03-22,Howard,Incident Closed - No further action,20723,2026-03-22
307,395575,['Odor'],2026-03-22,2026-03-22,Howard,Incident Closed - No further action,20723,2026-03-22
308,395574,['Air'],2026-03-23,2026-03-23,Frederick,Incident Closed-Managed,21702,2026-03-23
309,395562,"['Odor', 'Smoke']",2026-03-19,2026-03-19,Allegany,Incident Closed-Managed,21555,2026-03-19
310,395557,['Other'],2026-03-20,2026-03-18,Prince George's,Incident Closed-Managed,,2026-03-18
311,395555,['Air'],2026-03-19,2026-03-19,Harford,Incident Closed-No Violation Observed,,2026-03-19
312,395550,['ARA AQCP non-regulated entity'],2026-03-11,2026-03-11,Wicomico,Incident Closed - No further action,,2026-03-11
313,395549,['Open Burning'],2026-03-17,2026-03-17,Washington,Referred to Outside Agency,21740,2026-03-17
314,395548,['ARA AQCP non-regulated entity'],2026-03-19,2026-03-17,Worcester,Referred to Outside Agency,,2026-03-17
315,395545,['Odor'],2026-03-16,2026-03-16,Baltimore City,Incident Closed-Managed,,2026-03-16
316,395544,['Air'],2026-03-12,2026-03-12,Baltimore City,Incident Closed - No further action,,2026-03-12
317,395543,['Odor'],2026-03-11,2026-03-11,Baltimore City,Incident Closed-Managed,,2026-03-11
318,395542,['Odor'],2026-03-10,2026-03-10,Baltimore City,Incident Closed-Managed,,2026-03-10
319,395540,['Air'],2026-03-17,2026-03-17,Charles,Incident Closed - No further action,20658,2026-03-17
320,395539,['Odor'],2026-03-09,2026-03-09,Baltimore City,Incident Closed-Managed,,2026-03-09
321,395538,['ARA AQCP non-regulated entity'],2026-03-08,2026-03-08,Baltimore City,Incident Closed-Managed,,2026-03-08
322,395537,['Air'],2026-03-17,2026-03-17,Frederick,Incident Closed-No Violation Observed,21702,2026-03-17
323,395536,"['Fumes', 'Odor']",2026-03-17,2026-03-17,Washington,Incident Closed - No further action,21740,2026-03-17
324,395535,"['Odor', 'Smoke']",2026-03-09,2026-03-09,Allegany,Incident Closed-Managed,21555,2026-03-09
325,395534,"['Odor', 'Smoke']",2026-03-09,2026-03-09,Allegany,Incident Closed-Managed,21555,2026-03-09
326,395533,['Chemical Release/Spill'],2026-03-06,2026-03-06,Washington,Incident Closed - No further action,,2026-03-06
327,395528,['Air'],2026-03-14,2026-03-14,Baltimore,Incident Closed-No Violation Observed,,2026-03-14
328,395516,['Other'],2026-03-11,2026-03-10,Prince George's,Incident Closed-Managed,,2026-03-10
329,395515,['Other'],2026-03-10,2026-03-10,Prince George's,Incident Closed-Managed,20785,2026-03-10
330,395514,['Other'],2026-03-09,2026-03-09,Prince George's,Incident Closed-Managed,,2026-03-09
331,395509,"['Air', 'Fugitive Dust/Particulate Matter']",2026-03-09,2026-03-06,Cecil,Incident Closed-Managed,21920,2026-03-06
332,395508,['Air'],2026-03-12,2026-03-12,Baltimore City,Incident Closed-No Violation Observed,,2026-03-12
333,395507,['Air'],2026-03-11,2026-03-11,Anne Arundel,Incident Closed - No further action,21146,2026-03-11
334,395506,['Air'],2026-03-11,2026-03-11,Anne Arundel,Incident Closed-Managed,21090,2026-03-11
335,395505,['Air'],2026-03-10,2026-03-10,Frederick,Incident Closed-Managed,21757,2026-03-10
336,395504,['Air'],2026-03-11,2026-03-11,Anne Arundel,Incident Closed-No Violation Observed,21226,2026-03-11
337,395503,['Air'],2026-03-10,2026-03-10,Anne Arundel,Incident Closed-Managed,21090,2026-03-10
338,395502,['Air'],2026-03-10,2026-03-10,Anne Arundel,Incident Closed-Managed,20190,2026-03-10
339,395501,['Air'],2026-03-10,2026-03-10,Anne Arundel,Incident Closed-Managed,21090,2026-03-10
340,395500,['Air'],2026-03-10,2026-03-10,Anne Arundel,Incident Closed-No Violation Observed,21060,2026-03-10
341,395499,['Air'],2026-03-12,2026-03-10,Anne Arundel,Incident Closed-No Violation Observed,21060,2026-03-10
342,395496,"['Air', 'Other']",2026-03-10,2026-03-10,Cecil,Incident Closed - No further action,21919,2026-03-10
343,395490,['ARA AQCP non-regulated entity'],2026-03-11,2026-03-05,Caroline,Incident Closed - No further action,21632,2026-03-05
344,395489,['Air'],2026-03-10,2026-03-10,Anne Arundel,Incident Closed-No Violation Observed,,2026-03-10
345,395487,['Air'],2026-03-10,2026-03-10,Baltimore,Under Investigation,,2026-03-10
346,395486,['Odor'],2026-03-10,2026-03-10,Anne Arundel,Incident Closed - No further action,21226,2026-03-10
347,395482,"['Air', 'Open Burning']",2026-03-09,2026-03-07,Cecil,Referred to Outside Agency,21904,2026-03-07
348,395477,['Air'],2026-03-09,2026-03-09,Anne Arundel,Incident Closed-No Violation Observed,20711,2026-03-09
349,395476,['Air'],2026-03-09,2026-03-09,Frederick,Under Investigation,21703,2026-03-09
350,395470,"['Air', 'Fumes', 'Odor']",2026-03-04,2026-03-03,Montgomery,Incident Closed-Managed,20850,2026-03-03
351,395467,['Air'],2026-02-25,2026-02-25,Baltimore,Incident Closed-No Violation Observed,,2026-02-25
352,395464,"['Air', 'Asbestos Complaint', 'Other']",2026-03-04,2026-03-03,Montgomery,Incident Closed-Managed,20903,2026-03-03
353,395463,['Air'],2026-03-05,2026-03-05,Baltimore,Incident Closed - No further action,,2026-03-05
354,395462,['Air'],2026-03-05,2026-03-05,Anne Arundel,Incident Closed-Managed,20794,2026-03-05
355,395453,['ARA AQCP non-regulated entity'],2026-03-01,2026-03-01,Baltimore City,Incident Closed-Managed,,2026-03-01
356,395451,['Odor'],2026-02-28,2026-02-28,Baltimore City,Incident Closed-Managed,,2026-02-28
357,395450,['ARA AQCP non-regulated entity'],2026-02-27,2026-02-27,Baltimore City,Incident Closed-Managed,,2026-02-27
358,395449,['Odor'],2026-02-19,2026-02-19,Baltimore City,Incident Closed-Managed,,2026-02-19
359,395448,['Odor'],2026-02-22,2026-02-22,Baltimore City,Incident Closed-Managed,,2026-02-22
360,395447,['Odor'],2026-02-18,2026-02-18,Baltimore City,Incident Closed-Managed,,2026-02-18
361,395446,['Odor'],2026-02-17,2026-02-17,Baltimore City,Incident Closed-Managed,,2026-02-17
362,395444,['Odor'],2026-02-11,2026-02-11,Baltimore City,Incident Closed-Managed,,2026-02-11
363,395441,['ARA AQCP non-regulated entity'],2026-02-24,2026-02-24,Somerset,Incident Closed-Managed,21822,2026-02-24
364,395437,['Air'],2026-01-08,2026-01-08,Baltimore,Incident Closed-No Violation Observed,,2026-01-08
365,395434,['Air'],2026-03-02,2026-03-02,Charles,Incident Closed-Managed,20601,2026-03-02
366,395430,['Odor'],2026-03-02,2026-02-20,Worcester,Incident Closed-Managed,21811,2026-02-20
367,395424,['Air'],2026-02-27,2026-02-27,Baltimore,Referred to Outside Agency,,2026-02-27
368,395421,['Air'],2026-02-23,2026-02-23,Baltimore,Incident Closed-Managed,,2026-02-23
369,395416,"['Air', 'Odor', 'Open Burning']",2026-02-25,2026-02-24,Cecil,Incident Closed-Managed,21921,2026-02-24
370,395406,['Air'],2026-02-24,2026-02-24,Charles,Incident Closed - No further action,20640,2026-02-24
371,395401,['Air'],2026-02-23,2026-02-23,Frederick,Incident Closed-Managed,20794,2026-02-23
372,395400,['Air'],2026-02-22,2026-02-22,Frederick,Incident Closed-Managed,20794,2026-02-22
373,395396,['ARA AQCP non-regulated entity'],2026-02-20,2026-02-18,Talbot,Incident Closed-Managed,,2026-02-18
374,395394,['ARA AQCP non-regulated entity'],2026-02-20,2026-02-19,,Incident Closed-No Violation Observed,,2026-02-19
375,395393,['Air'],2026-02-20,2026-02-20,Anne Arundel,Incident Closed-No Violation Observed,21060,2026-02-20
376,395392,['Air'],2026-02-19,2026-02-19,Anne Arundel,Incident Closed-No Violation Observed,21144,2026-02-19
378,395390,['Air'],2026-02-19,2026-02-19,Anne Arundel,Incident Closed-Managed,21054,2026-02-19
379,395389,['Other'],2026-02-18,2026-02-12,Prince George's,Incident Closed-Managed,,2026-02-12
380,385384,['Smoke'],2026-02-10,2026-02-10,Calvert,Incident Closed-Managed,,2026-02-10
381,385383,['Fugitive Dust/Particulate Matter'],2026-02-11,2026-02-11,St. Mary's,Incident Closed-Managed,,2026-02-11
382,385376,['Air'],2026-02-15,2026-02-15,Anne Arundel,Incident Closed-No Violation Observed,21090,2026-02-15
383,385375,['Air'],2026-02-15,2026-02-15,Frederick,Incident Closed-Managed,21788,2026-02-15
384,385372,['ARA AQCP non-regulated entity'],2026-02-13,2026-02-13,Talbot,Under Investigation,21601,2026-02-13
385,385370,['Other'],2026-02-09,2026-02-09,Prince George's,Incident Closed-Managed,,2026-02-09
386,385369,['Air'],2026-02-13,2026-02-13,Baltimore,Incident Closed-Managed,,2026-02-13
387,385368,['Smoke'],2026-02-11,2026-02-11,Allegany,Referred to Outside Agency,26753,2026-02-11
388,385367,['ARA AQCP non-regulated entity'],2026-02-12,2026-02-10,Dorchester,Incident Closed-No Violation Observed,21613,2026-02-10
389,385363,['Air'],2026-02-06,2026-02-06,Baltimore,Incident Closed-No Violation Observed,,2026-02-06
390,385349,['Other'],2026-02-03,2026-02-03,Prince George's,Incident Closed-Managed,,2026-02-03
391,385344,['Air'],2026-02-06,2026-02-06,Charles,Incident Closed-Managed,20601,2026-02-06
392,385343,['Air'],2026-02-06,2026-02-06,Charles,Referred to Outside Agency,20601,2026-02-06
393,385336,"['Air', 'Other']",2026-02-05,2026-02-05,Montgomery,Incident Closed - No further action,20902,2026-02-05
394,385331,['Air'],2026-02-02,2026-02-02,,Incident Closed-No Violation Observed,21811,2026-02-02
395,385329,['Air'],2026-01-30,2026-01-30,Carroll,Referred to LMA,,2026-01-30
396,385328,['Other'],2026-02-02,2026-01-30,Howard,Incident Closed-Managed,,2026-01-30
397,385327,['Air'],2026-02-03,2026-02-03,Charles,Referred to Outside Agency,20601,2026-02-03
398,385326,['Air'],2026-02-02,2026-02-02,Anne Arundel,Incident Closed-Managed,,2026-02-02
399,385324,['Air'],2026-01-30,2026-01-30,Harford,Incident Closed-Managed,,2026-01-30
400,385323,['Air'],2025-12-18,2025-12-18,Harford,Referred to LMA,,2025-12-18
401,385318,['Air'],2026-01-28,2026-01-28,Montgomery,Incident Closed-No Violation Observed,,2026-01-28
402,385316,['Fugitive Dust/Particulate Matter'],2026-01-22,2026-01-22,Baltimore City,Incident Closed-Managed,,2026-01-22
403,385315,['Odor'],2026-01-21,2026-01-21,Baltimore City,Incident Closed-Managed,,2026-01-21
404,385314,['Odor'],2026-01-19,2026-01-19,Baltimore City,Incident Closed-Managed,,2026-01-19
405,385312,['Open Burning'],2026-01-26,2026-01-26,Washington,Incident Closed - No further action,21740,2026-01-26
406,385311,['Other'],2026-01-21,2026-01-21,Howard,Incident Closed-Managed,,2026-01-21
407,385310,['Suspected Operation without Permit'],2026-01-12,2026-01-02,Garrett,Incident Closed-Managed,21550,2026-01-02
408,385309,['Other'],2026-01-21,2026-01-22,Howard,Incident Closed-Managed,,2026-01-22
409,385306,['Air'],2026-01-26,2026-01-26,Frederick,Incident Closed - No further action,21702,2026-01-26
410,385305,['Air'],2026-01-23,2026-01-23,Anne Arundel,Incident Closed-No Violation Observed,21226,2026-01-23
411,385304,['Air'],2026-01-23,2026-01-23,Frederick,Incident Closed-Managed,,2026-01-23
412,385303,['Air'],2026-01-16,2026-01-16,Baltimore,Incident Closed-No Violation Observed,,2026-01-16
413,385302,['Air'],2026-01-22,2026-01-22,Baltimore,Incident Closed-Managed,,2026-01-22
414,385301,['Odor'],2026-01-21,2026-01-21,Dorchester,Incident Closed - No further action,21835,2026-01-21
415,385299,['Air'],2026-01-23,2026-01-22,Anne Arundel,Incident Closed-Managed,,2026-01-22
416,375297,"['Air', 'Asbestos Complaint', 'Other']",2026-01-13,2026-01-13,Montgomery,Referred to LMA,,2026-01-13
417,375293,['Air'],2026-01-20,2026-01-20,Frederick,Incident Closed-No Violation Observed,21702,2026-01-20
418,375287,['Air'],2026-01-15,2026-01-15,Anne Arundel,Incident Closed-No Violation Observed,,2026-01-15
419,375286,['Air'],2026-01-15,2026-01-15,Charles,Incident Closed-No Violation Observed,20601,2026-01-15
420,375285,['Air'],2026-01-14,2026-01-14,Anne Arundel,Incident Closed-No Violation Observed,21226,2026-01-14
421,375280,['ARA AQCP non-regulated entity'],2026-01-07,2026-01-07,Baltimore City,Incident Closed - No further action,,2026-01-07
422,375279,['Open Burning'],2026-01-07,2026-01-07,Calvert,Incident Closed-Managed,,2026-01-07
423,375278,['Odor'],2026-01-06,2026-01-06,Baltimore City,Incident Closed-Managed,,2026-01-06
424,375277,['Odor'],2026-01-05,2026-01-05,Baltimore City,Incident Closed-Managed,,2026-01-05
425,375274,"['Air', 'Odor', 'Open Burning', 'Smoke']",2026-01-08,2026-01-07,Cecil,Incident Closed-Managed,21904,2026-01-07
426,375269,['Air'],2026-01-12,2026-01-12,Baltimore,Incident Closed-Managed,,2026-01-12
427,375267,['Odor'],2026-01-09,2026-01-09,Dorchester,Incident Closed - No further action,21835,2026-01-09
428,375265,['ARA AQCP non-regulated entity'],2026-01-12,2026-01-08,Wicomico,Incident Closed-Managed,,2026-01-08
429,375258,['Air'],2026-01-09,2026-01-09,Anne Arundel,Incident Closed - No further action,21122,2026-01-09
430,375256,['ARA AQCP non-regulated entity'],2026-01-12,2026-01-02,Caroline,Incident Closed - No further action,,2026-01-02
431,375250,['Air'],2026-01-08,2026-01-08,Charles,Incident Closed - No further action,20601,2026-01-08
432,375246,['Air'],2025-12-22,2025-12-22,Harford,Incident Closed-No Violation Observed,,2025-12-22
433,375239,['Air'],2026-01-07,2026-01-07,Anne Arundel,Incident Closed-No Violation Observed,20794,2026-01-07
434,375236,['Other'],2026-01-07,2026-01-07,Prince George's,Incident Closed-Managed,,2026-01-07
435,375229,['Other'],2026-01-02,2026-01-02,Prince George's,Incident Closed-Managed,,2026-01-02
436,375228,['Odor'],2025-12-26,2025-12-26,Dorchester,Incident Closed - No further action,21835,2025-12-26
437,375225,['Air'],2026-01-06,2026-01-06,Anne Arundel,Incident Closed-No Violation Observed,21144,2026-01-06
438,375219,['Air'],2026-01-04,2026-01-04,Baltimore,Incident Closed-Managed,,2026-01-04
439,375214,['Air'],2026-01-05,2026-01-05,Charles,Incident Closed-Managed,20640,2026-01-05
440,375212,['Air'],2026-01-02,2026-01-02,Frederick,Incident Closed-Managed,21788,2026-01-02
441,375205,['ARA AQCP non-regulated entity'],2026-01-05,2025-12-18,Dorchester,Incident Closed-Managed,21631,2025-12-18
442,375204,['Air'],2026-01-02,2025-12-31,Baltimore,Incident Closed-No Violation Observed,,2025-12-31
443,375188,['Other'],2025-12-22,2025-12-22,Prince George's,Incident Closed-Managed,,2025-12-22
444,375187,['Air'],2025-12-19,2025-12-19,Anne Arundel,Incident Closed-No Violation Observed,20724,2025-12-19
445,375181,['Air'],2025-12-17,2025-12-17,Baltimore,Incident Closed-No Violation Observed,,2025-12-17
446,375179,"['Air', 'Asbestos Complaint', 'Other']",2025-12-19,2025-12-19,Montgomery,Incident Closed-Managed,20860,2025-12-19
447,375178,['Other'],2025-12-18,2025-12-18,Prince George's,Incident Closed-Managed,,2025-12-18
448,375173,['Smoke'],2025-12-13,2025-12-13,Kent,Incident Closed - No further action,21620,2025-12-13
449,375171,['Air'],2025-12-16,2025-12-16,Baltimore,Under Investigation,,2025-12-16
450,375168,['Air'],2025-12-15,2025-12-15,Charles,Incident Closed-No Violation Observed,20601,2025-12-15
451,375164,['Other'],2025-12-15,2025-12-15,Prince George's,Incident Closed-Managed,,2025-12-15
452,375163,['Other'],2025-12-11,2025-12-16,Prince George's,Incident Closed-Managed,,2025-12-16
453,375155,['Air'],2025-12-12,2025-12-12,Anne Arundel,Incident Closed - No further action,20724,2025-12-12
454,375153,['ARA AQCP non-regulated entity'],2025-12-15,2025-12-11,Wicomico,Incident Closed-Managed,,2025-12-11
455,375153,['ARA AQCP non-regulated entity'],2025-12-15,2025-12-11,Wicomico,Incident Closed-Managed,34106,2025-12-11
456,375152,['ARA AQCP non-regulated entity'],2025-12-09,,Caroline,Incident Closed - No further action,,
457,375150,['ARA AQCP non-regulated entity'],2025-12-12,,Somerset,Incident Closed-No Violation Observed,21838,
458,375144,"['Air', 'Fugitive Dust/Particulate Matter', 'Other']",2025-12-05,2025-12-05,Cecil,Incident Closed - No further action,21919,2025-12-05
459,375141,['Air'],2025-10-17,2025-10-17,Anne Arundel,Incident Closed-Managed,,2025-10-17
460,375140,['Air'],2025-10-17,2025-10-17,Anne Arundel,Incident Closed-Managed,,2025-10-17
461,375139,['Air Pollutant Release'],2025-10-17,2025-10-17,Anne Arundel,Incident Closed-Managed,,2025-10-17
462,375137,['Air Pollutant Release'],2025-10-17,2025-10-15,Anne Arundel,Incident Closed-Managed,,2025-10-15
463,375136,['Air'],2025-12-09,2025-12-08,Harford,Incident Closed-Managed,,2025-12-08
464,375135,['Air'],2025-12-10,2025-12-10,Baltimore,Incident Closed-Managed,,2025-12-10
465,375134,['Odor'],2025-11-25,2025-11-25,Baltimore City,Incident Closed-Managed,,2025-11-25
466,375129,['Air'],2025-12-05,2025-12-05,Frederick,Incident Closed - No further action,21703,2025-12-05
467,375124,['Air'],2025-12-08,2025-12-08,Frederick,Incident Closed-Managed,21788,2025-12-08
468,375120,['Air'],2025-12-04,2025-12-04,Frederick,Incident Closed-Managed,21788,2025-12-04
469,375116,['Suspected Operation without Permit'],2025-12-05,2025-12-05,Washington,Under Investigation,21742,2025-12-05
470,375115,['Other'],2025-12-04,2025-12-04,Prince George's,Incident Closed-Managed,,2025-12-04
471,375113,['Air'],2025-12-05,2025-11-21,Wicomico,Incident Closed-Managed,,2025-11-21
472,375111,['Suspected Operation without Permit'],2025-12-04,2025-12-04,Washington,Under Investigation,21742,2025-12-04
473,375108,['Other'],2025-12-01,2025-12-01,Prince George's,Incident Closed-Managed,20737,2025-12-01
474,375104,['Air'],2025-12-03,2025-12-03,Anne Arundel,Incident Closed-Managed,,2025-12-03
475,375103,['Air Pollutant Release'],2025-10-17,2025-10-17,Anne Arundel,Incident Closed-Managed,,2025-10-17
476,375102,['Air Pollutant Release'],2025-10-17,2025-10-17,Anne Arundel,,,2025-10-17
477,375101,['Air Pollutant Release'],2025-10-17,2025-10-17,Anne Arundel,Incident Closed-Managed,,2025-10-17
478,375100,['Air Pollutant Release'],2025-10-17,2025-10-17,Anne Arundel,Incident Closed-Managed,,2025-10-17
479,375099,['Air Pollutant Release'],2025-10-17,2025-10-17,Anne Arundel,Incident Closed-Managed,,2025-10-17
480,375098,['Air Pollutant Release'],2025-10-17,2025-10-17,Anne Arundel,Incident Closed-Managed,,2025-10-17
481,375097,['Air Pollutant Release'],2025-10-17,2025-10-15,Anne Arundel,Incident Closed-Managed,,2025-10-15
482,375096,['Air Pollutant Release'],2025-10-18,2025-10-18,Anne Arundel,Incident Closed-Managed,,2025-10-18
483,375093,['Air Pollutant Release'],2025-10-18,2025-10-18,Anne Arundel,Incident Closed-Managed,,2025-10-18
484,375092,['Air Pollutant Release'],2025-10-18,2025-10-18,Anne Arundel,Incident Closed-Managed,,2025-10-18
485,375091,['Air Pollutant Release'],2025-10-18,2025-10-18,Anne Arundel,Incident Closed-Managed,,2025-10-18
486,375090,['Air Pollutant Release'],2025-10-17,2025-10-18,Anne Arundel,Incident Closed-Managed,,2025-10-18
487,375089,['Air Pollutant Release'],2025-10-18,2025-10-18,Anne Arundel,Incident Closed-Managed,,2025-10-18
488,375088,['Air Pollutant Release'],2025-10-18,2025-10-17,Anne Arundel,Incident Closed-Managed,,2025-10-17
489,375087,['Air Pollutant Release'],2025-10-17,2025-10-17,Anne Arundel,Incident Closed-Managed,,2025-10-17
490,375086,['Air Pollutant Release'],2025-10-17,2025-10-17,Anne Arundel,Incident Closed-Managed,,2025-10-17
491,375085,['Air Pollutant Release'],2025-12-02,2025-10-17,Anne Arundel,Incident Closed-Managed,,2025-10-17
492,375084,['Air Pollutant Release'],2025-10-17,2025-10-17,Anne Arundel,Incident Closed-Managed,,2025-10-17
493,375083,['Air Pollutant Release'],2025-10-17,2025-10-17,Anne Arundel,Incident Closed-Managed,,2025-10-17
494,375082,['Air Pollutant Release'],2025-10-17,2025-10-17,Baltimore,Incident Closed-Managed,,2025-10-17
495,375080,['Air Pollutant Release'],2025-10-17,2025-10-17,Anne Arundel,Incident Closed-Managed,,2025-10-17
496,375079,"['Air', 'Air Pollutant Release']",2025-12-02,2025-10-17,Baltimore,,,2025-10-17
497,375077,['Air'],2025-10-17,2025-10-17,Anne Arundel,Incident Closed-Managed,,2025-10-17
498,375076,['Air Pollutant Release'],2025-10-17,2025-10-17,Anne Arundel,Incident Closed-Managed,,2025-10-17
499,375075,['Air Pollutant Release'],2025-10-17,2025-10-17,Anne Arundel,Incident Closed-Managed,,2025-10-17
500,375074,['Air Pollutant Release'],2025-10-17,2025-10-17,Anne Arundel,Incident Closed-Managed,,2025-10-17
501,375069,['Air'],2025-11-25,2025-11-24,Frederick,Incident Closed-No Violation Observed,,2025-11-24
502,375068,['Air'],2025-11-24,2025-12-01,Dorchester,Incident Closed-No Violation Observed,21631,2025-12-01
503,375067,['Air'],2025-11-25,2025-11-25,Frederick,Incident Closed-Restored,21701,2025-11-25
504,375066,"['Air', 'Fumes', 'Odor']",2025-11-19,2025-11-18,Carroll,Incident Closed-Managed,21784,2025-11-18
505,375063,['Air'],2025-11-21,2025-11-21,Anne Arundel,Incident Closed-Managed,,2025-11-21
506,375062,"['Fumes', 'Odor']",2025-11-21,2025-11-21,Washington,Under Investigation,21742,2025-11-21
507,375061,"['Air', 'Other']",2025-11-25,2025-11-24,Montgomery,Referred to Outside Agency,,2025-11-24
508,375056,"['Odor', 'Smoke']",2025-11-19,2025-11-18,Washington,Referred to Outside Agency,,2025-11-18
509,375055,['Odor'],2025-11-14,2025-11-14,Outside of Maryland,Incident Closed - No further action,21502,2025-11-14
510,375054,['Other'],2025-11-13,2025-11-13,Allegany,Incident Closed - No further action,,2025-11-13
511,375053,['Air Pollutant Release'],2025-10-17,2025-10-17,Anne Arundel,Incident Closed-Managed,,2025-10-17
512,375051,['Air Pollutant Release'],2025-10-17,2025-10-17,Anne Arundel,Incident Closed-Managed,,2025-10-17
513,375050,['Air Pollutant Release'],2025-10-17,2025-10-17,Anne Arundel,Incident Closed-Managed,,2025-10-17
514,375049,['Air Pollutant Release'],2025-10-17,2025-10-17,Anne Arundel,Incident Closed-Managed,,2025-10-17
515,375041,['Air'],2025-11-21,2025-11-21,Harford,Referred to Outside Agency,,2025-11-21
516,375037,['ARA AQCP non-regulated entity'],2025-11-21,2025-11-18,Dorchester,Incident Closed - No further action,,2025-11-18
517,375029,['Air'],2025-11-03,2025-11-03,Baltimore,Incident Closed-No Violation Observed,,2025-11-03
518,375028,['Air'],2025-11-19,2025-11-19,Frederick,Incident Closed-No Violation Observed,21701,2025-11-19
519,375027,['Air'],2025-11-18,2025-11-18,Anne Arundel,Incident Closed-No Violation Observed,21122,2025-11-18
520,375020,['Air Pollutant Release'],2025-11-18,2025-10-17,Anne Arundel,Incident Closed-Managed,,2025-10-17
521,375019,['Air'],2025-10-17,2025-10-17,Anne Arundel,Incident Closed-Managed,,2025-10-17
522,375018,['Air'],2025-10-17,2025-10-17,Anne Arundel,Incident Closed-Managed,,2025-10-17
523,375017,['Other'],2025-11-17,2025-11-17,Prince George's,Incident Closed-Managed,,2025-11-17
524,375016,['Other'],2025-11-17,2025-11-17,Prince George's,Incident Closed-Managed,,2025-11-17
525,375015,['Other'],2025-11-17,2025-11-17,Prince George's,Incident Closed-Managed,,2025-11-17
526,375014,['Air Pollutant Release'],2025-10-17,2025-10-17,Anne Arundel,Incident Closed-Managed,,2025-10-17
527,375013,['Air Pollutant Release'],2025-10-17,2025-10-17,Anne Arundel,Incident Closed-Managed,,2025-10-17
528,375009,['Air Pollutant Release'],2025-11-18,2025-10-17,Anne Arundel,Incident Closed-Managed,,2025-10-17
529,375008,"['Air', 'Air Pollutant Release']",2025-11-17,2025-10-17,Anne Arundel,Incident Closed-Managed,,2025-10-17
530,375007,"['Air', 'Air Pollutant Release']",2025-11-17,2025-10-17,Anne Arundel,Incident Closed-Managed,,2025-10-17
531,375006,"['Air', 'Air Pollutant Release']",2025-11-17,2025-10-17,Anne Arundel,Incident Closed-Managed,,2025-10-17
532,375003,['Air Pollutant Release'],2025-11-17,2025-10-17,Anne Arundel,Incident Closed-Managed,,2025-10-17
533,375001,['Air Pollutant Release'],2025-11-17,2025-10-17,Anne Arundel,,,2025-10-17
534,374999,['Air Pollutant Release'],2025-11-17,2025-10-10,Anne Arundel,Incident Closed-Managed,,2025-10-10
535,374998,['Air Pollutant Release'],2025-11-17,2025-10-17,Anne Arundel,Incident Closed-Managed,,2025-10-17
536,374997,['Air'],2025-11-17,2025-10-17,Anne Arundel,Incident Closed-Managed,,2025-10-17
537,374996,['Air Pollutant Release'],2025-11-17,2025-10-17,Anne Arundel,Incident Closed-Managed,,2025-10-17
538,374995,['Air Pollutant Release'],2025-11-17,2025-10-17,Anne Arundel,Incident Closed-Managed,,2025-10-17
539,374988,['Other'],2025-11-13,2025-11-13,Prince George's,Incident Closed-Clean-up Completed,20705,2025-11-13
540,374986,['Open Burning'],2025-11-08,2025-11-08,Calvert,Incident Closed-Managed,,2025-11-08
541,374982,['Smoke'],2025-11-07,2025-11-07,Cecil,Incident Closed-Managed,21921,2025-11-07
542,374981,['Air'],2025-11-10,2025-11-10,Anne Arundel,Incident Closed-Clean-up Completed,21077,2025-11-10
543,374976,['Air'],2025-11-06,2025-11-06,Harford,Incident Closed-Managed,,2025-11-06
544,374975,['ARA AQCP non-regulated entity'],2025-11-07,2025-11-06,Somerset,Incident Closed-Managed,21853,2025-11-06
545,374974,['Odor'],2025-11-07,2025-11-07,Baltimore City,Incident Closed-Managed,,2025-11-07
546,374973,['ARA AQCP non-regulated entity'],2025-11-07,2025-11-03,Somerset,Incident Closed-Managed,21853,2025-11-03
547,374970,['ARA AQCP non-regulated entity'],2025-10-28,2025-10-28,Baltimore City,Incident Closed - No further action,,2025-10-28
548,374969,['Odor'],2025-10-27,2025-10-27,Baltimore City,Incident Closed-Managed,,2025-10-27
549,374968,['Odor'],2025-10-09,2025-10-09,Baltimore City,Incident Closed-Managed,,2025-10-09
550,374967,['Odor'],2025-10-03,2025-10-03,Baltimore City,Incident Closed - No further action,,2025-10-03
551,374964,"['Air', 'Other']",2025-11-05,2025-11-05,Montgomery,Incident Closed - No further action,,2025-11-05
552,374963,['Air'],2025-11-05,2025-11-05,Anne Arundel,Incident Closed - No further action,21403,2025-11-05
553,374962,['Air'],2025-11-05,2025-10-17,Anne Arundel,Incident Closed-Managed,,2025-10-17
554,374959,['Air'],2025-11-04,2025-10-17,Anne Arundel,Incident Closed-Managed,,2025-10-17
555,374956,['Air'],2025-11-04,2025-10-18,Anne Arundel,Incident Closed-Managed,,2025-10-18
556,374947,"['Air', 'Fugitive Dust/Particulate Matter']",2025-10-23,2025-10-23,Montgomery,Incident Closed-Managed,20866,2025-10-23
557,374938,['Fugitive Dust/Particulate Matter'],2025-10-29,2025-10-29,Washington,Under Investigation,21742,2025-10-29
558,374935,['Other'],2025-10-30,2025-10-30,Howard,Incident Closed-Managed,,2025-10-30
559,374934,['Fugitive Dust/Particulate Matter'],2025-10-28,2025-10-28,Washington,Under Investigation,21742,2025-10-28
560,374932,['Fugitive Dust/Particulate Matter'],2025-10-27,2025-10-27,Allegany,Incident Closed-Managed,21742,2025-10-27
561,374931,['Fugitive Dust/Particulate Matter'],2025-10-10,2025-10-10,Washington,Incident Closed-Managed,21742,2025-10-10
562,374930,['Air'],2025-10-27,,Harford,Referred to Outside Agency,,
563,374929,['Odor'],2025-10-20,2025-10-18,Washington,Referred to Outside Agency,21719,2025-10-18
564,374926,['Odor'],2025-09-30,2025-09-30,Allegany,Incident Closed - No further action,21540-109,2025-09-30
565,374921,['Fugitive Dust/Particulate Matter'],2025-08-28,2025-08-28,Washington,Under Investigation,21742,2025-08-28
566,374919,['Other'],2025-10-24,2025-10-24,Outside of Maryland,Incident Closed-Managed,,2025-10-24
568,374907,"['Air', 'Fugitive Dust/Particulate Matter']",2025-10-23,2025-10-23,Carroll,Incident Closed-Managed,21784,2025-10-23
569,374904,['Other'],2025-10-24,2025-10-24,Prince George's,Incident Closed-Managed,,2025-10-24
570,374903,['Air'],2025-10-24,2025-10-24,Baltimore,Incident Closed-Managed,,2025-10-24
571,374902,['Air'],2025-10-23,2025-10-23,Baltimore,Referred to Outside Agency,,2025-10-23
572,374900,['Air'],2025-10-21,2025-10-21,Baltimore,Referred to Outside Agency,,2025-10-21
573,364902,['Odor'],2025-10-20,2025-10-16,Baltimore City,Incident Closed - No further action,21224,2025-10-16
574,364901,['Air'],2025-10-21,2025-10-21,Baltimore,Referred to Outside Agency,,2025-10-21
575,364897,['Other'],2025-10-21,2025-10-21,Prince George's,Incident Closed-Managed,,2025-10-21
576,364896,['Other'],2025-10-10,2025-10-10,Howard,Incident Closed-Managed,21075,2025-10-10
577,364890,['Air'],2025-10-19,2025-10-19,Anne Arundel,Incident Closed-No Violation Observed,21226,2025-10-19
578,364889,['Air'],2025-10-19,2025-10-19,Frederick,Referred to LMA,21703,2025-10-19
579,364888,['Air'],2025-10-17,2025-10-17,Frederick,Incident Closed - No further action,,2025-10-17
580,364881,['Fugitive Dust/Particulate Matter'],2025-10-20,2025-10-17,Anne Arundel,Under Investigation,,2025-10-17
581,364880,['Fugitive Dust/Particulate Matter'],2025-10-20,2025-10-17,Anne Arundel,Under Investigation,21226,2025-10-17
582,364879,['Fugitive Dust/Particulate Matter'],2025-10-17,2025-10-17,Anne Arundel,Under Investigation,,2025-10-17
583,364878,['Fugitive Dust/Particulate Matter'],2025-10-17,2025-10-14,Anne Arundel,Under Investigation,,2025-10-14
584,364877,['Fugitive Dust/Particulate Matter'],2025-10-20,2025-10-15,Anne Arundel,Under Investigation,,2025-10-15
585,364876,['Fugitive Dust/Particulate Matter'],2025-10-20,2025-10-17,Anne Arundel,Under Investigation,,2025-10-17
586,364875,['Fugitive Dust/Particulate Matter'],2025-10-20,2025-10-15,Anne Arundel,Under Investigation,21226,2025-10-15
587,364874,['Fugitive Dust/Particulate Matter'],2025-10-15,2025-10-15,Anne Arundel,Under Investigation,21226,2025-10-15
588,364867,"['Air', 'Equipment Malfunction', 'Other']",2025-10-09,2025-10-01,Cecil,Incident Closed-Managed,21921,2025-10-01
589,364862,['Air'],2025-10-14,2025-10-14,Baltimore,Incident Closed-Managed,,2025-10-14
590,364861,['ARA AQCP non-regulated entity'],2025-10-07,2025-10-06,Wicomico,Incident Closed-No Violation Observed,,2025-10-06
591,364860,['ARA AQCP non-regulated entity'],2025-10-16,2025-10-10,Somerset,Under Investigation,21853,2025-10-10
592,364848,['Air'],2025-10-10,2025-10-10,Anne Arundel,Incident Closed-No Violation Observed,21032,2025-10-10
593,364846,"['Air', 'Open Burning']",2025-10-08,2025-10-08,Montgomery,Referred to Outside Agency,20833,2025-10-08
594,364845,['Odor'],2025-09-15,2025-09-13,Dorchester,Incident Closed - No further action,21835,2025-09-13
595,364844,['Odor'],2025-09-15,2025-09-12,Dorchester,Incident Closed - No further action,21835,2025-09-12
596,364843,['Odor'],2025-09-15,2025-09-12,Dorchester,Incident Closed - No further action,21835,2025-09-12
597,364842,['Odor'],2025-09-10,2025-09-09,Dorchester,Incident Closed - No further action,21835,2025-09-09
598,364839,['Air'],2025-10-10,2025-10-09,Harford,Referred to LMA,21001,2025-10-09
599,364835,['Other'],2025-10-07,2025-10-07,Prince George's,Incident Closed-Managed,,2025-10-07
600,364830,['Air'],2025-10-08,2025-10-08,Baltimore,Incident Closed-Managed,,2025-10-08
601,364825,['ARA AQCP non-regulated entity'],2025-09-29,2025-09-29,Baltimore,Incident Closed - No further action,,2025-09-29
602,364824,['Odor'],2025-09-27,2025-09-27,Baltimore City,Incident Closed-Managed,,2025-09-27
603,364823,['Odor'],2025-09-23,2025-09-23,Baltimore City,Incident Closed-Managed,,2025-09-23
604,364822,['Odor'],2025-09-20,2025-09-20,Baltimore City,Incident Closed-Managed,,2025-09-20
605,364821,['ARA AQCP non-regulated entity'],2025-09-16,2025-09-16,Baltimore City,Incident Closed - No further action,,2025-09-16
607,364811,"['Air', 'Other']",2025-10-05,2025-10-05,Montgomery,Incident Closed - No further action,,2025-10-05
608,364810,"['Air', 'Fumes', 'Open Burning', 'Smoke']",2025-10-06,2025-10-06,Cecil,Referred to Outside Agency,21903,2025-10-06
609,364799,['Air'],2025-10-03,2025-10-03,Anne Arundel,Incident Not Applicable to MDE,,2025-10-03
610,364794,['Air'],2025-09-27,2025-09-27,Harford,Incident Closed - No further action,,2025-09-27
611,364793,['Air'],2025-09-25,2025-09-25,Harford,Incident Closed-Managed,,2025-09-25
612,364790,"['Air', 'Other', 'Waste']",2025-10-01,2025-10-01,Montgomery,Referred to LMA,20855,2025-10-01
613,364789,"['Air', 'Other']",2025-10-01,2025-10-01,Montgomery,Referred to Outside Agency,,2025-10-01
614,364773,['Air'],2025-09-29,2025-09-29,,Incident Closed-No Violation Observed,,2025-09-29
615,364772,['Air'],2025-09-29,2025-09-29,Baltimore,Incident Closed-Managed,,2025-09-29
616,364771,['Air'],2025-09-29,2025-09-29,Anne Arundel,Incident Closed-No Violation Observed,21144,2025-09-29
617,364770,['Air'],2025-09-29,2025-09-29,Anne Arundel,Incident Not Applicable to MDE,21401,2025-09-29
618,364769,['Air'],2025-09-27,2025-09-27,Frederick,Referred to Outside Agency,21771,2025-09-27
619,364762,['Air'],2025-09-26,2025-09-26,Baltimore,Incident Closed-Managed,,2025-09-26
620,364751,['Air'],2025-09-22,2025-09-22,Anne Arundel,Incident Not Applicable to MDE,,2025-09-22
621,364745,['Other'],2025-09-23,2025-09-23,Prince George's,Incident Closed-Managed,,2025-09-23
622,364742,['Air'],2025-09-22,2025-09-22,Baltimore,Referred to Outside Agency,,2025-09-22
623,364741,['Air'],2025-09-22,2025-09-22,Anne Arundel,Incident Closed - No further action,21122,2025-09-22
624,364740,['Air'],2025-09-19,2025-09-19,Harford,Incident Closed-No Violation Observed,,2025-09-19
625,364739,['Air'],2025-09-19,2025-09-19,Anne Arundel,Incident Closed-No Violation Observed,21226,2025-09-19
626,364738,['Air'],2025-09-17,2025-09-17,Harford,Incident Closed-Managed,,2025-09-17
627,364736,['Air'],2025-09-17,2025-09-17,Baltimore,Incident Closed-Managed,,2025-09-17
628,364732,['Other'],2025-09-19,2025-09-19,Howard,Incident Closed-Managed,21075,2025-09-19
629,364722,['Air'],2025-09-18,2025-09-18,Anne Arundel,Incident Closed-Managed,21076,2025-09-18
630,364711,['Air'],2025-09-16,2025-09-16,Anne Arundel,Incident Closed - No further action,,2025-09-16
631,364708,['Air'],2025-09-15,2025-09-15,Frederick,Incident Closed-No Violation Observed,21774,2025-09-15
632,364707,['Air'],2025-09-15,2025-09-15,Frederick,Incident Closed-No Violation Observed,21774,2025-09-15
633,364700,"['Air', 'Fugitive Dust/Particulate Matter']",2025-09-09,2025-09-09,Cecil,Incident Closed-Managed,21921,2025-09-09
634,364699,['Other'],2025-09-09,2025-09-09,Cecil,Referred to Outside Agency,21921,2025-09-09
635,364694,['Air'],2025-09-15,2025-09-15,Baltimore,Incident Closed-Managed,,2025-09-15
636,364693,['Air'],2025-09-13,2025-09-13,Baltimore,Incident Closed-Managed,,2025-09-13
637,364681,"['Odor', 'Open Burning']",2025-09-10,2025-09-10,Washington,Referred to Outside Agency,21719,2025-09-10
638,364674,['Odor'],2025-09-03,2025-09-03,Baltimore City,Incident Closed-Managed,,2025-09-03
639,364673,['Odor'],2025-09-03,2025-09-03,Baltimore City,Incident Closed-Managed,,2025-09-03
640,364672,['Odor'],2025-09-02,2025-09-02,Baltimore City,Incident Closed-Managed,,2025-09-02
641,364671,['ARA AQCP non-regulated entity'],2025-08-18,2025-08-18,Baltimore City,Incident Closed - No further action,,2025-08-18
642,364670,['Fumes'],2025-08-11,2025-08-11,Baltimore City,Incident Closed-Managed,,2025-08-11
643,364667,['Air'],2025-09-08,2025-09-08,Anne Arundel,Incident Not Applicable to MDE,20751,2025-09-08
644,364666,['Air'],2025-09-08,2025-09-08,Charles,Incident Closed-Managed,20640,2025-09-08
645,364662,['Air'],2025-09-05,2025-09-05,Frederick,Incident Closed-Managed,,2025-09-05
646,364655,"['Air', 'Fugitive Dust/Particulate Matter']",2025-09-03,2025-09-01,Montgomery,Incident Closed-Managed,20850,2025-09-01
647,364654,['Air'],2025-09-04,2025-09-04,Baltimore,Under Investigation,,2025-09-04
648,364651,['Other'],2025-09-04,2025-09-04,Prince George's,Incident Closed-Managed,,2025-09-04
649,364650,['Other'],2025-09-03,2025-09-03,Prince George's,Incident Closed-Managed,21075,2025-09-03
650,364644,['Air'],2025-09-03,2025-09-03,Baltimore,Incident Closed-Managed,,2025-09-03
651,364640,"['Open Burning', 'Smoke']",2025-09-03,2025-09-03,Allegany,Referred to Outside Agency,21502,2025-09-03
652,364636,"['Air', 'Open Burning']",2025-09-02,2025-09-02,Carroll,Referred to Outside Agency,,2025-09-02
653,364635,"['Air', 'Odor']",2025-09-03,2025-09-03,Montgomery,Referred to Outside Agency,20854,2025-09-03
654,364632,"['Open Burning', 'Smoke']",2025-09-02,2025-09-01,Allegany,Referred to Outside Agency,21502,2025-09-01
655,364630,['Open Burning'],2025-08-28,2025-08-28,Allegany,Referred to Outside Agency,21502,2025-08-28
656,364628,"['Air', 'Odor']",2025-09-02,2025-08-31,Montgomery,Referred to Outside Agency,20854,2025-08-31
657,364627,['Air'],2025-08-28,2025-08-28,Montgomery,Incident Closed-Managed,20837,2025-08-28
658,364626,['Air'],2025-09-02,2025-09-01,Anne Arundel,Incident Closed - No further action,21225,2025-09-01
659,364624,['Air'],2025-09-01,2025-09-01,Anne Arundel,Incident Closed-No Violation Observed,21060,2025-09-01
660,364623,['Air'],2025-09-02,2025-09-02,Anne Arundel,Incident Closed-No Violation Observed,21060,2025-09-02
661,364618,['Odor'],2025-08-26,2025-08-29,Allegany,Incident Closed-No Violation Observed,21502,2025-08-29
662,364617,"['Odor', 'Smoke']",2025-08-26,2025-08-26,Garrett,Incident Closed-Managed,21550,2025-08-26
663,364613,"['Air', 'Smoke']",2025-08-25,2025-08-22,Carroll,Incident Closed-Managed,,2025-08-22
664,364612,"['Air', 'Odor']",2025-08-21,2025-08-21,Montgomery,Referred to Outside Agency,,2025-08-21
665,364608,['Odor'],2025-08-22,2025-08-22,Dorchester,Incident Closed - No further action,21835,2025-08-22
666,364605,['Air'],2025-08-27,2025-08-22,Frederick,Incident Closed - No further action,21701,2025-08-22
667,364599,['Odor'],2025-08-22,2025-08-22,Allegany,Under Investigation,21502,2025-08-22
668,364597,['Air'],2025-08-15,2025-08-15,Baltimore,Incident Closed-Managed,,2025-08-15
669,364596,['Other'],2025-08-22,2025-08-22,Howard,Incident Closed-Managed,21075,2025-08-22
670,364594,['Other'],2025-08-20,2025-08-20,Prince George's,Incident Closed-Managed,,2025-08-20
671,364591,['Odor'],2025-08-22,2025-08-22,Washington,Referred to Outside Agency,21740,2025-08-22
672,364590,['Other'],2025-08-19,2025-08-19,Howard,Incident Closed-Managed,21075,2025-08-19
673,364589,['Other'],2025-08-20,2025-08-20,Prince George's,Incident Closed-Managed,,2025-08-20
674,364588,['Other'],2025-08-19,2025-08-19,Prince George's,Incident Closed-Managed,,2025-08-19
675,364587,['Other'],2025-08-18,2025-08-18,Washington,Incident Closed - No further action,21719,2025-08-18
676,364586,['Fugitive Dust/Particulate Matter'],2025-08-16,2025-08-16,Washington,Incident Closed-No Violation Observed,21742,2025-08-16
677,364585,['Illegal Dam'],2025-08-14,2025-08-14,Allegany,Referred to WMA,21530,2025-08-14
678,364572,['Air'],2025-08-20,2025-08-20,Howard,Incident Closed-No Violation Observed,20794,2025-08-20
679,364570,['Air'],2025-08-15,2025-08-15,Baltimore,Incident Closed-No Violation Observed,,2025-08-15
680,364562,['Air'],2025-08-18,2025-08-18,Frederick,Incident Not Applicable to MDE,21701,2025-08-18
681,364561,['Air'],2025-08-18,2025-08-18,Anne Arundel,Under Investigation,21113,2025-08-18
682,364560,['Air'],2025-08-18,2025-08-18,Anne Arundel,Incident Closed-No Violation Observed,21113,2025-08-18
683,364559,['Air'],2025-08-14,2025-08-14,Anne Arundel,Incident Closed - No further action,21403,2025-08-14
684,364558,['Odor'],2025-08-10,2025-08-10,Anne Arundel,Incident Closed - No further action,21226,2025-08-10
685,364557,['Odor'],2025-08-09,2025-08-09,Anne Arundel,Incident Closed - No further action,21226,2025-08-09
686,364549,['Air'],2025-08-14,2025-08-14,Montgomery,Incident Not Applicable to MDE,,2025-08-14
687,364545,['Odor'],2025-08-10,2025-08-10,Dorchester,Incident Closed - No further action,21835,2025-08-10
688,364544,"['Air', 'Open Burning', 'Smoke']",2025-08-13,2025-08-13,Cecil,Referred to Outside Agency,21921,2025-08-13
689,364543,['Air'],2025-08-12,2025-08-12,Montgomery,Referred to Outside Agency,,2025-08-12
690,364536,"['Air', 'Odor']",2025-08-11,2025-08-06,Montgomery,Incident Closed-Managed,20850,2025-08-06
691,364531,['Other'],2025-08-11,2025-08-09,Washington,Incident Closed - No further action,21742,2025-08-09
692,364529,['Other'],2025-08-07,2025-08-07,Allegany,Incident Closed - No further action,,2025-08-07
693,364526,"['Air', 'Fugitive Dust/Particulate Matter', 'Odor']",2025-08-07,2025-08-07,Montgomery,Incident Closed-Managed,20850,2025-08-07
694,364525,"['Air Pollutant Release', 'Fugitive Dust/Particulate Matter', 'Odor']",2025-08-07,2025-08-07,Montgomery,Incident Closed-Managed,20850,2025-08-07
695,364524,"['Air', 'Air Pollutant Release', 'Fugitive Dust/Particulate Matter', 'Odor']",2025-08-06,2025-08-06,Montgomery,Incident Closed-Managed,20850,2025-08-06
696,364523,['Air'],2025-08-07,2025-08-07,Carroll,Incident Closed-Managed,,2025-08-07
697,364521,['Air'],2025-08-08,2025-08-08,Baltimore,Incident Closed-No Violation Observed,,2025-08-08
698,364520,['Air'],2025-08-07,2025-08-07,Baltimore,Incident Closed-Managed,,2025-08-07
699,364518,['Air'],2025-08-06,2025-08-06,Frederick,Incident Closed-Managed,21701,2025-08-06
700,364517,['Air'],2025-08-07,2025-08-01,Frederick,Incident Closed-Managed,21701,2025-08-01
701,364502,['Fugitive Dust/Particulate Matter'],2025-08-01,2025-08-01,Baltimore City,Incident Closed-Managed,,2025-08-01
702,364501,['Smoke'],2025-07-30,2025-07-30,Baltimore City,Incident Closed-Managed,,2025-07-30
703,364500,"['Odor', 'Open Burning']",2025-08-05,2025-07-22,Cecil,Referred to Outside Agency,21921,2025-07-22
704,364499,['ARA AQCP non-regulated entity'],2025-07-24,2025-07-24,Baltimore City,Incident Closed - No further action,,2025-07-24
705,364498,['ARA AQCP non-regulated entity'],2025-07-21,2025-07-21,Baltimore City,Incident Closed - No further action,,2025-07-21
706,364497,['Odor'],2025-08-03,2025-08-03,Dorchester,Incident Closed - No further action,21835,2025-08-03
707,364496,['Odor'],2025-08-03,2025-08-03,Dorchester,Incident Closed - No further action,21835,2025-08-03
708,364494,['Other'],2025-08-04,2025-07-27,Washington,Incident Closed - No further action,21740,2025-07-27
709,364493,['Fugitive Dust/Particulate Matter'],2025-08-01,2025-08-01,Washington,Incident Closed-Managed,21742,2025-08-01
710,364483,['Fumes'],2025-08-01,2025-07-31,Washington,Incident Closed - No further action,21740,2025-07-31
711,364477,['Air'],2025-08-01,2025-08-01,Frederick,Incident Not Applicable to MDE,,2025-08-01
712,364476,['Air'],2025-07-29,2025-07-29,Charles,Incident Closed-Managed,,2025-07-29
713,364472,['Odor'],2025-07-31,2025-07-31,Dorchester,Incident Closed - No further action,21835,2025-07-31
714,364464,['ARA AQCP non-regulated entity'],2025-07-21,2025-07-21,Baltimore City,Incident Closed - No further action,,2025-07-21
715,364463,['Odor'],2025-07-14,2025-07-14,Baltimore City,Incident Closed-Managed,,2025-07-14
716,364462,['Odor'],2025-07-24,2025-07-24,Dorchester,Incident Closed - No further action,21835,2025-07-24
717,364460,['Odor'],2025-07-24,2025-07-24,Dorchester,Incident Closed - No further action,21835,2025-07-24
718,364459,['Smoke'],2025-07-10,2025-07-10,St. Mary's,Incident Closed-Managed,,2025-07-10
719,364458,['Fugitive Dust/Particulate Matter'],2025-07-09,2025-07-09,Baltimore City,Incident Closed-Managed,,2025-07-09
720,364457,['Odor'],2025-06-02,2025-06-02,Baltimore City,Incident Closed - No further action,,2025-06-02
721,364455,['Fugitive Dust/Particulate Matter'],2025-07-29,2025-07-29,Washington,Incident Closed - No further action,21740,2025-07-29
722,364454,['Fugitive Dust/Particulate Matter'],2025-05-14,2025-05-14,Baltimore City,Incident Closed-Managed,,2025-05-14
723,364452,"['Air', 'Open Burning', 'Smoke']",2025-07-28,2025-07-27,Carroll,Referred to Outside Agency,,2025-07-27
724,364448,['Odor'],2025-07-23,2025-07-23,Dorchester,Incident Closed - No further action,21835,2025-07-23
725,364447,"['Air', 'Fumes']",2025-07-24,2025-07-24,Montgomery,Incident Closed-Managed,,2025-07-24
726,364434,['Air'],2025-07-24,2025-07-24,Frederick,Incident Closed-No Violation Observed,,2025-07-24
727,364433,['Non-Tidal Wetlands/Waterway'],2025-07-17,2025-07-17,Allegany,Incident Closed - No further action,21502,2025-07-17
728,364432,['Odor'],2025-07-10,2025-07-10,Allegany,Incident Closed - No further action,21502,2025-07-10
729,364431,['Odor'],2025-07-19,2025-07-19,Dorchester,Incident Closed - No further action,21835,2025-07-19
730,364430,['Odor'],2025-07-19,2025-07-19,Dorchester,Incident Closed - No further action,21835,2025-07-19
731,364429,['Odor'],2025-07-19,2025-07-19,Dorchester,Incident Closed - No further action,21835,2025-07-19
732,364423,['Air'],2025-07-22,2025-07-22,Anne Arundel,Incident Not Applicable to MDE,,2025-07-22
733,364415,['Air'],2025-07-19,2025-07-19,Baltimore,Incident Closed-No Violation Observed,,2025-07-19
734,364408,['Other'],2025-07-16,2025-07-16,Howard,Incident Closed-Managed,,2025-07-16
735,364392,['ARA AQCP non-regulated entity'],2025-07-16,2025-07-14,Worcester,Incident Not Applicable to MDE,,2025-07-14
736,364387,['Air'],2025-07-14,2025-07-14,Carroll,Incident Closed - No further action,21757,2025-07-14
737,364383,['Odor'],2025-07-05,2025-07-05,Dorchester,Incident Closed - No further action,21835,2025-07-05
738,364382,['Odor'],2025-07-05,2025-07-04,Dorchester,Incident Closed - No further action,21835,2025-07-04
739,364373,['Air'],2025-07-11,2025-07-11,Anne Arundel,Incident Not Applicable to MDE,,2025-07-11
740,364371,['Air'],2025-07-11,2025-07-11,Carroll,Referred to Outside Agency,21784,2025-07-11
741,364368,['Other'],2025-07-09,2025-07-09,Howard,Incident Closed-Managed,,2025-07-09
742,364358,"['Air', 'Fugitive Dust/Particulate Matter']",2025-07-08,2025-07-08,Montgomery,Incident Closed-Managed,20877,2025-07-08
743,364354,['Air'],2025-07-07,2025-07-07,Anne Arundel,Incident Not Applicable to MDE,,2025-07-07
744,364338,['Other'],2025-07-03,2025-07-03,Prince George's,Incident Closed-Managed,,2025-07-03
745,364336,['Odor'],2025-07-02,2025-07-02,Allegany,Incident Closed - No further action,21502,2025-07-02
746,364333,['Air'],2025-07-02,2025-07-02,Baltimore,Incident Closed-Managed,,2025-07-02
747,364330,['ARA AQCP non-regulated entity'],2025-07-03,2025-06-26,Somerset,Incident Closed-Managed,,2025-06-26
748,364329,['Air'],2025-07-02,2025-07-02,Baltimore,Incident Closed-Managed,,2025-07-02
749,364327,"['Air', 'Fumes', 'Odor', 'Smoke']",2025-07-01,2025-07-01,Cecil,Referred to Outside Agency,21921,2025-07-01
750,364314,['Air'],2025-06-28,2025-06-28,Baltimore,Incident Closed-Managed,,2025-06-28
751,364312,['Other'],2025-06-25,2025-06-25,Prince George's,Incident Closed-Managed,,2025-06-25
752,364305,['Other'],2025-06-19,2025-05-13,Allegany,Incident Closed - No further action,,2025-05-13
753,364304,"['Odor', 'Smoke']",2025-06-12,2025-06-12,Allegany,Incident Closed - No further action,21555,2025-06-12
754,364303,['Other'],2025-06-10,2025-06-10,Allegany,Incident Closed - No further action,21502,2025-06-10
755,364302,['Other'],2025-06-10,2025-06-10,Allegany,Incident Closed - No further action,21502,2025-06-10
756,364297,"['Air', 'Fugitive Dust/Particulate Matter']",2025-06-24,2025-06-24,Cecil,Incident Closed-Managed,21921,2025-06-24
757,364296,"['Air', 'Fumes', 'Smoke']",2025-06-23,2025-06-23,Montgomery,Referred to Outside Agency,20910,2025-06-23
759,364285,"['Air', 'Fugitive Dust/Particulate Matter', 'Other']",2025-06-18,2025-06-18,Carroll,Incident Closed-Managed,21787,2025-06-18
760,364282,['Odor'],2025-06-18,2025-06-18,Anne Arundel,Incident Closed - No further action,21226,2025-06-18
761,364280,['Air'],2025-06-18,2025-06-18,Anne Arundel,Incident Not Applicable to MDE,21146,2025-06-18
762,364276,['Air'],2025-06-17,2025-06-17,Anne Arundel,Incident Not Applicable to MDE,21401,2025-06-17
763,364271,['Air'],2025-06-16,2025-06-16,Baltimore,Incident Closed-No Violation Observed,,2025-06-16
764,364268,['Air'],2025-06-16,2025-06-16,Anne Arundel,Incident Not Applicable to MDE,21060,2025-06-16
765,364266,"['Air', 'Odor', 'Smoke']",2025-06-14,2025-06-14,Cecil,Incident Closed - No further action,,2025-06-14
766,364261,['Other'],2025-06-13,2025-06-13,Prince George's,Incident Closed-Managed,,2025-06-13
767,364257,"['Air', 'Other', 'Unknown Substance']",2025-06-13,2025-06-13,Cecil,Incident Closed - No further action,21918,2025-06-13
768,364254,['Air'],2025-06-12,2025-06-12,Harford,Referred to Outside Agency,,2025-06-12
769,364252,['Other'],2025-06-09,2025-06-09,Howard,Incident Closed-Managed,21075,2025-06-09
770,364249,['Air'],2025-06-11,2025-06-11,Anne Arundel,Incident Not Applicable to MDE,,2025-06-11
771,364243,['Air'],2025-06-10,2025-06-10,Anne Arundel,Incident Closed-No Violation Observed,21060,2025-06-10
772,364234,['Air'],2025-06-05,2025-06-05,Anne Arundel,Incident Closed-No Violation Observed,21225,2025-06-05
773,364233,"['Air', 'Fugitive Dust/Particulate Matter', 'Suspected Operation without Permit']",2025-05-29,2025-05-29,Montgomery,Incident Closed-Managed,20910,2025-05-29
774,364232,['Air'],2025-06-05,2025-06-05,Carroll,Incident Closed-Managed,,2025-06-05
775,364199,['Air'],2025-05-30,2025-05-30,Anne Arundel,Incident Closed - No further action,20755,2025-05-30
776,364196,['Fugitive Dust/Particulate Matter'],2025-05-29,2025-05-29,Washington,Incident Closed-No Violation Observed,21742,2025-05-29
777,364187,['Air'],2025-05-27,2025-05-27,Baltimore,Incident Closed-No Violation Observed,,2025-05-27
778,364180,['Air'],2025-05-27,2025-05-27,Baltimore,Incident Closed-Managed,,2025-05-27
779,364175,['Air'],2025-05-19,2025-05-19,Anne Arundel,Incident Closed-Managed,20776,2025-05-19
780,364174,['Air'],2025-05-20,2025-05-20,Anne Arundel,Incident Closed-No Violation Observed,21060,2025-05-20
781,364173,['Odor'],2025-05-15,2025-05-14,Allegany,Incident Closed - No further action,21540,2025-05-14
782,364172,['ARA AQCP non-regulated entity'],2025-05-27,2025-05-15,Dorchester,Incident Closed-Managed,21613,2025-05-15
783,364171,['Odor'],2025-05-22,2025-05-22,Dorchester,Incident Closed - No further action,21835,2025-05-22
784,364170,['Odor'],2025-05-22,2025-05-22,Dorchester,Incident Closed - No further action,21835,2025-05-22
785,364169,['Odor'],2025-05-21,2025-05-21,Dorchester,Incident Closed - No further action,21835,2025-05-21
786,364168,['Odor'],2025-05-21,2025-05-21,Dorchester,Incident Closed - No further action,21835,2025-05-21
787,364167,['Odor'],2025-05-21,2025-05-21,Dorchester,Incident Closed - No further action,21835,2025-05-21
788,364166,['Odor'],2025-05-21,2025-05-21,Dorchester,Incident Closed - No further action,21835,2025-05-21
789,354161,['Odor'],2025-05-20,2025-05-20,Baltimore City,Incident Closed-Managed,,2025-05-20
790,354160,['ARA AQCP non-regulated entity'],2025-05-20,2025-05-20,Baltimore City,Incident Closed - No further action,,2025-05-20
791,354159,['Odor'],2025-05-12,2025-05-12,Baltimore City,Incident Closed-Managed,,2025-05-12
792,354158,['Odor'],2025-05-06,2025-05-06,Baltimore City,Incident Closed-Managed,,2025-05-06
793,354157,['Odor'],2025-05-04,2025-05-04,Baltimore City,Incident Closed-Managed,,2025-05-04
794,354156,['Odor'],2025-05-03,2025-05-03,Baltimore City,Incident Closed-Managed,,2025-05-03
795,354155,['Odor'],2025-04-23,2025-04-23,Baltimore City,Incident Closed-Managed,,2025-04-23
796,354154,['Odor'],2025-04-14,2025-04-14,Baltimore City,Incident Closed-Managed,,2025-04-14
797,354150,"['Air', 'Fugitive Dust/Particulate Matter', 'Smoke']",2025-05-09,2025-05-04,Montgomery,Incident Closed-Managed,20855,2025-05-04
798,354142,['Air'],2025-05-20,2025-05-19,Baltimore,Referred to Outside Agency,,2025-05-19
800,354136,['Other'],2025-05-16,2025-05-16,Prince George's,Incident Closed-Managed,,2025-05-16
801,354135,['Other'],2025-05-15,2025-05-15,Prince George's,Incident Closed-Managed,,2025-05-15
802,354133,['Fumes'],2025-05-12,2025-05-12,Allegany,Incident Closed - No further action,21502,2025-05-12
803,354131,['Odor'],2025-05-15,2025-05-14,Dorchester,Incident Closed - No further action,21835,2025-05-14
804,354130,['Odor'],2025-05-14,2025-05-14,Dorchester,Incident Closed - No further action,21835,2025-05-14
805,354129,['Odor'],2025-05-14,2025-05-14,Dorchester,Incident Closed - No further action,21835,2025-05-14
806,354128,['Odor'],2025-05-14,2025-05-14,Dorchester,Incident Closed - No further action,21835,2025-05-14
807,354127,['Odor'],2025-05-14,2025-05-14,Dorchester,Incident Closed - No further action,21835,2025-05-14
808,354116,['Air'],2025-05-13,2025-05-13,Anne Arundel,Incident Closed-Managed,,2025-05-13
809,354113,['Air'],2025-05-12,2025-05-12,Anne Arundel,Incident Closed-No Violation Observed,21060,2025-05-12
810,354111,"['Air', 'Odor']",2025-05-13,2025-05-12,Cecil,Referred to Outside Agency,21911,2025-05-12
811,354107,['Air'],2025-05-09,2025-05-09,Anne Arundel,Incident Closed - No further action,,2025-05-09
812,354101,['Air'],2025-05-08,2025-05-08,Baltimore,Referred to Outside Agency,,2025-05-08
813,354100,['Air'],2025-05-09,2025-05-09,Baltimore,Incident Closed-Managed,,2025-05-09
814,354099,['Other'],2025-05-12,2025-05-12,Prince George's,Incident Closed-Managed,,2025-05-12
815,354098,['Air'],2025-05-08,2025-05-08,Frederick,Incident Closed - No further action,21701,2025-05-08
816,354097,['Air'],2025-05-02,2025-05-02,Frederick,Incident Closed-No Violation Observed,21755,2025-05-02
817,354094,"['Air', 'Odor']",2025-05-09,2025-04-30,Cecil,Incident Closed-Managed,21901,2025-04-30
818,354092,"['Air', 'Odor', 'Smoke']",2025-05-05,2025-05-05,Montgomery,Incident Closed - No further action,,2025-05-05
819,354077,['ARA AQCP non-regulated entity'],2025-05-05,2025-04-24,Wicomico,Incident Closed-Managed,,2025-04-24
820,354076,"['Fumes', 'Possible Permit Violation']",2025-05-02,2025-05-02,Washington,Under Investigation,21740,2025-05-02
821,354067,"['Air', 'Fugitive Dust/Particulate Matter']",2025-05-02,2025-05-01,Cecil,Incident Closed-Managed,21920,2025-05-01
822,354066,"['Air', 'Fugitive Dust/Particulate Matter']",2025-04-29,2025-04-29,Cecil,Incident Closed-Managed,21921,2025-04-29
823,354065,['Air'],2025-05-02,2025-05-02,Baltimore,Incident Closed-Managed,,2025-05-02
824,354064,"['Odor', 'Smoke']",2025-05-01,2025-05-01,Allegany,Incident Closed - No further action,26753,2025-05-01
825,354063,['Air'],2025-04-30,2025-04-30,Frederick,Incident Closed-Managed,21771,2025-04-30
826,354060,['Smoke'],2025-04-25,2025-04-25,Allegany,Under Investigation,26753,2025-04-25
827,354058,['Air'],2025-04-30,2025-04-30,Anne Arundel,Incident Closed-No Violation Observed,21226,2025-04-30
828,354056,['Other'],2025-04-30,2025-04-30,Howard,Incident Closed-Managed,,2025-04-30
829,354051,['Smoke'],2025-04-14,2025-04-14,Allegany,Incident Closed - No further action,21502,2025-04-14
830,354050,['Air'],2025-04-28,2025-04-28,Baltimore,Incident Closed-Managed,,2025-04-28
831,354049,['Air'],2025-04-28,2025-04-28,Frederick,Incident Closed-No Violation Observed,21703,2025-04-28
832,354047,['ARA AQCP non-regulated entity'],2025-04-28,2025-03-12,Prince George's,Incident Closed - No further action,,2025-03-12
833,354045,['Other'],2025-04-27,2025-04-27,Prince George's,Incident Closed-Managed,,2025-04-27
834,354044,['Other'],2025-04-26,2025-04-26,Prince George's,Incident Closed-Managed,20785,2025-04-26
835,354042,['Air'],2025-04-22,2025-04-22,Anne Arundel,Incident Closed-No Violation Observed,21226,2025-04-22
836,354041,['Air'],2025-04-21,2025-04-21,Anne Arundel,Incident Closed-No Violation Observed,,2025-04-21
837,354022,['Air'],2025-04-20,2025-04-20,Anne Arundel,Incident Closed-No Violation Observed,21060,2025-04-20
838,354016,['Air'],2025-04-11,2025-04-11,Anne Arundel,Incident Closed-No Violation Observed,,2025-04-11
839,354003,['Air'],2025-04-15,2025-04-15,St. Mary's,Incident Closed-No Violation Observed,,2025-04-15
840,353991,['Air'],2025-04-14,2025-04-14,Anne Arundel,Incident Closed-Managed,21226,2025-04-14
841,353989,['Odor'],2025-04-14,2025-04-14,Howard,Incident Closed - No further action,,2025-04-14
842,353987,['Other'],2025-04-11,2025-04-11,Allegany,Incident Closed - No further action,21539,2025-04-11
843,353982,['Other'],2025-04-09,2025-04-09,Prince George's,Incident Closed-Managed,,2025-04-09
844,353981,['Other'],2025-04-09,2025-04-09,Prince George's,Incident Closed-Managed,,2025-04-09
845,353980,['Other'],2025-04-07,2025-04-07,Prince George's,Incident Closed-Managed,,2025-04-07
846,353965,['Odor'],2025-04-08,2025-04-04,Anne Arundel,Incident Closed-Managed,,2025-04-04
847,353963,['Air'],2025-04-08,2025-04-08,Anne Arundel,Incident Closed-Managed,21226,2025-04-08
848,353960,['Noise Complaint'],2025-04-05,2025-04-05,Anne Arundel,Incident Closed-No Violation Observed,,2025-04-05
849,353959,['Air'],2025-03-28,2025-03-28,Anne Arundel,Incident Closed-No Violation Observed,21060,2025-03-28
850,353958,['Air'],2025-03-28,2025-03-28,Frederick,Incident Closed-No Violation Observed,21703,2025-03-28
851,353957,['Air'],2025-03-28,2025-03-28,Anne Arundel,Incident Closed - No further action,21403,2025-03-28
852,353956,['Air'],2025-03-27,2025-02-27,Anne Arundel,Incident Closed-No Violation Observed,21226,2025-02-27
853,353955,['Air'],2025-04-05,2025-04-05,Anne Arundel,Incident Closed-No Violation Observed,21060,2025-04-05
854,353954,['Air'],2025-04-05,2025-04-05,Anne Arundel,Incident Closed-No Violation Observed,21060,2025-04-05
855,353953,['Air'],2025-04-04,2025-04-04,Anne Arundel,Incident Closed-Managed,21060,2025-04-04
856,353948,['Air'],2025-04-07,2025-04-07,Baltimore,Incident Closed-Managed,,2025-04-07
857,353947,['Air'],2025-04-02,2025-04-02,Harford,Referred to ARA,,2025-04-02
858,353944,['Other'],2025-04-02,2025-04-02,Prince George's,Incident Closed-Managed,,2025-04-02
859,353942,['Odor'],2025-03-27,2025-03-27,Baltimore City,Incident Closed-Managed,,2025-03-27
860,353941,['Odor'],2025-03-23,2025-03-23,Baltimore City,Incident Closed-Managed,,2025-03-23
861,353940,['Odor'],2025-03-19,2025-03-19,Baltimore City,Incident Closed - No further action,,2025-03-19
862,353939,['Odor'],2025-03-14,2025-03-14,Baltimore City,Incident Closed-Managed,,2025-03-14
863,353938,['Odor'],2025-03-14,2025-03-14,Baltimore City,Incident Closed - No further action,,2025-03-14
864,353937,['Odor'],2025-03-14,2025-03-14,Baltimore City,Incident Closed-Managed,,2025-03-14
865,353936,['Odor'],2025-03-13,2025-03-13,Baltimore City,Incident Closed-Managed,,2025-03-13
866,353935,['Odor'],2025-03-11,2025-03-11,Baltimore City,Incident Closed-Managed,,2025-03-11
867,353934,['Odor'],2025-03-01,2025-03-01,Baltimore City,Incident Closed-Managed,,2025-03-01
868,353933,['Fugitive Dust/Particulate Matter'],2025-02-28,2025-02-28,Baltimore City,Incident Closed-Managed,,2025-02-28
869,353932,['Odor'],2025-02-27,2025-02-27,Baltimore City,Incident Closed-Managed,,2025-02-27
870,353930,['Odor'],2025-02-24,2025-02-24,Baltimore City,Incident Closed-Managed,,2025-02-24
871,353929,['Odor'],2025-01-27,2025-01-27,St. Mary's,Incident Closed-Managed,,2025-01-27
872,353928,['Odor'],2025-01-25,2025-01-25,St. Mary's,Incident Closed-Managed,,2025-01-25
873,353927,['Odor'],2025-01-24,2025-01-24,St. Mary's,Incident Closed-Managed,,2025-01-24
874,353926,['Open Burning'],2025-02-13,2025-02-13,Baltimore City,Incident Closed-Managed,,2025-02-13
875,353924,['Odor'],2025-02-10,2025-02-10,Baltimore City,Incident Closed-Managed,,2025-02-10
876,353922,['Odor'],2025-02-05,2025-02-05,Baltimore City,Incident Closed-Managed,,2025-02-05
877,353921,['Odor'],2025-02-03,2025-02-03,Baltimore City,Incident Closed-Managed,,2025-02-03
878,353916,['Air'],2025-03-31,2025-03-31,Baltimore,Referred to Outside Agency,,2025-03-31
879,353914,['Air'],2025-04-02,2025-03-31,Baltimore,Incident Closed-Managed,,2025-03-31
880,353909,['Air'],2025-04-01,2025-03-31,Baltimore,Incident Closed-Managed,,2025-03-31
881,353900,['Air'],2025-03-29,2025-03-29,Baltimore,Incident Closed-Managed,,2025-03-29
882,353897,['Air'],2025-03-28,2025-03-28,Baltimore,Under Investigation,,2025-03-28
883,353890,['ARA AQCP non-regulated entity'],2025-03-27,2025-03-20,Dorchester,Incident Closed-No Violation Observed,,2025-03-20
884,353886,['Air'],2025-03-20,2025-03-20,Harford,Incident Closed-No Violation Observed,,2025-03-20
885,353885,['Air'],2025-03-19,2025-03-19,Harford,Incident Closed-No Violation Observed,,2025-03-19
886,353881,['Air'],2025-03-22,2025-03-22,Anne Arundel,Incident Closed - No further action,21122,2025-03-22
887,353880,['Air'],2025-03-23,2025-03-23,Anne Arundel,Incident Closed-No Violation Observed,21060,2025-03-23
888,353879,['Air'],2025-03-21,2025-03-21,Anne Arundel,Incident Closed-Managed,21060,2025-03-21
889,353878,['Air'],2025-03-21,2025-03-21,Anne Arundel,Incident Closed-Managed,21060,2025-03-21
890,353877,['Air'],2025-03-21,2025-03-21,Anne Arundel,Incident Closed-Managed,21060,2025-03-21
891,353876,['Air'],2025-03-21,2025-03-21,Anne Arundel,Incident Closed-Managed,21060,2025-03-21
892,353859,['Other'],2025-03-18,2025-03-18,Prince George's,Incident Closed-Managed,,2025-03-18
893,343858,['Air'],2025-03-20,2025-03-20,Anne Arundel,Incident Closed-Managed,21060,2025-03-20
894,343856,['ARA AQCP non-regulated entity'],2025-03-17,2025-03-17,Somerset,Incident Closed-Managed,21853,2025-03-17
895,343855,['Air'],2025-03-18,2025-03-18,Anne Arundel,Incident Closed-No Violation Observed,,2025-03-18
896,343851,['Air'],2025-03-19,2025-03-19,Baltimore,Incident Closed-No Violation Observed,,2025-03-19
897,343846,['Air'],2025-03-17,2025-03-17,Frederick,Incident Closed-Managed,21766,2025-03-17
898,343845,['Air'],2025-03-14,2025-03-14,Frederick,Incident Closed-Managed,21776,2025-03-14
899,343841,['Air'],2025-03-14,2025-03-14,Anne Arundel,Incident Closed-Managed,21060,2025-03-14
900,343840,['Other'],2025-03-14,2025-03-14,Prince George's,Incident Closed-Managed,,2025-03-14
901,343839,['Other'],2025-03-14,2025-03-14,Prince George's,Incident Closed-Managed,,2025-03-14
902,343838,['Air'],2025-03-14,2025-03-14,Anne Arundel,Incident Closed-Managed,21226,2025-03-14
903,343837,['Air'],2025-03-14,2025-03-14,Frederick,Incident Closed-Managed,21788,2025-03-14
904,343835,['Air'],2025-03-14,2025-03-13,Baltimore,Incident Closed-Managed,,2025-03-13
905,343831,['Air'],2025-03-14,2025-03-14,Anne Arundel,Incident Closed-Managed,,2025-03-14
906,343828,['Air'],2025-03-12,2025-03-12,Baltimore,Under Investigation,,2025-03-12
907,343827,['Noise Complaint'],2025-03-11,2025-03-08,Cecil,Incident Not Applicable to MDE,21904,2025-03-08
908,343818,['ARA AQCP non-regulated entity'],2025-03-06,2025-03-06,Caroline,Incident Closed-Managed,,2025-03-06
909,343812,['Air'],2025-03-10,2025-03-10,Charles,Incident Closed-Managed,20613,2025-03-10
910,343808,['Air'],2025-03-07,2025-03-07,Anne Arundel,Incident Closed-No Violation Observed,21401,2025-03-07
911,343801,"['Odor', 'Smoke']",2025-03-03,2025-03-03,Washington,Incident Closed - No further action,21742,2025-03-03
912,343799,"['Open Burning', 'Smoke']",2025-03-03,2025-03-03,Washington,Referred to Outside Agency,21740,2025-03-03
913,343798,['Air'],2025-03-06,2025-03-06,Baltimore,Referred to Outside Agency,,2025-03-06
914,343797,"['Open Burning', 'Smoke']",2025-03-02,2025-03-02,Allegany,Referred to Outside Agency,21502,2025-03-02
915,343788,"['Air', 'Fumes', 'Odor']",2025-03-03,2025-03-01,Montgomery,Referred to Outside Agency,20832,2025-03-01
916,343787,['Air'],2025-02-27,2025-02-27,Baltimore,Referred to LMA,,2025-02-27
917,343786,['ARA AQCP non-regulated entity'],2025-03-05,,Wicomico,Incident Closed-No Violation Observed,,
918,343784,['ARA AQCP non-regulated entity'],2025-03-05,2025-02-28,Dorchester,Incident Closed-Managed,,2025-02-28
919,343783,['ARA AQCP non-regulated entity'],2025-03-05,2025-02-26,Caroline,Incident Closed-No Violation Observed,,2025-02-26
920,343782,['ARA AQCP non-regulated entity'],2025-03-05,2025-02-27,,Incident Closed-No Violation Observed,,2025-02-27
921,343781,['Fugitive Dust/Particulate Matter'],2025-03-05,2025-02-24,Talbot,Incident Closed-Managed,21601,2025-02-24
922,343778,['Air'],2025-03-04,2025-02-26,Anne Arundel,Under Investigation,,2025-02-26
923,343749,['Air'],2025-03-02,2025-03-02,Anne Arundel,Incident Closed-Managed,21226,2025-03-02
924,343744,['Other'],2025-02-27,2025-02-27,Prince George's,Incident Closed-Managed,20781,2025-02-27
925,343742,['Odor'],2025-02-25,2025-02-25,Baltimore City,Incident Closed-No Violation Observed,,2025-02-25
926,343741,['Odor'],2025-02-25,2025-02-25,Baltimore City,Incident Closed-No Violation Observed,,2025-02-25
927,343740,['Air'],2025-02-25,2025-02-25,Anne Arundel,Incident Closed-Managed,21226,2025-02-25
928,343739,['Air'],2025-02-25,2025-02-25,Anne Arundel,Incident Closed-Managed,21226,2025-02-25
929,343738,['Air'],2025-02-25,2025-02-25,Anne Arundel,Incident Closed-Managed,21060,2025-02-25
930,343737,['Air'],2025-02-25,2025-02-25,Anne Arundel,Incident Closed-Managed,21060,2025-02-25
931,343736,['Air'],2025-02-25,2025-02-25,Anne Arundel,Incident Closed-Managed,21060,2025-02-25
932,343735,['Air'],2025-02-25,2025-02-25,Anne Arundel,Incident Closed-Managed,21060,2025-02-25
933,343734,['Air'],2025-02-25,2025-02-25,Anne Arundel,Incident Closed-Managed,21226,2025-02-25
934,343733,['Air'],2025-02-25,2025-02-25,Anne Arundel,Incident Closed-Managed,21226,2025-02-25
935,343732,['Air'],2025-02-25,2025-02-25,Anne Arundel,Incident Closed-Managed,21226,2025-02-25
936,343731,['Air'],2025-02-25,2025-02-25,Anne Arundel,Incident Closed-Managed,21226,2025-02-25
937,343730,['Air'],2025-02-25,2025-02-25,Anne Arundel,Incident Closed-Managed,21226,2025-02-25
938,343727,['Air'],2025-02-25,2025-02-25,Anne Arundel,Incident Closed-Managed,21226,2025-02-25
939,343725,['Noise Complaint'],2025-02-18,2025-02-18,Howard,Incident Closed - No further action,20723,2025-02-18
940,343724,['Air'],2025-02-25,2025-02-25,Anne Arundel,Incident Closed-Managed,21226,2025-02-25
941,343723,['Air'],2025-02-25,2025-02-25,Anne Arundel,Incident Closed-Managed,21226,2025-02-25
942,343722,['Air'],2025-02-25,2025-02-25,Anne Arundel,Incident Closed-Managed,21226,2025-02-25
943,343719,['Air'],2025-02-26,2025-02-26,Frederick,Incident Closed - No further action,21788,2025-02-26
944,343718,"['Air', 'Fumes', 'Odor']",2025-02-25,2025-02-20,Montgomery,Referred to Outside Agency,20906,2025-02-20
945,343716,['Air'],2025-02-25,2025-02-25,Anne Arundel,Incident Closed-Managed,21225,2025-02-25
946,343715,['Air'],2025-02-26,2025-02-26,Anne Arundel,Incident Closed-Managed,21060,2025-02-26
947,343713,['Air'],2025-02-25,2025-02-26,Montgomery,Referred to Outside Agency,,2025-02-26
948,343699,['Air'],2025-02-25,2025-02-24,Baltimore,Referred to Outside Agency,,2025-02-24
949,343698,['Air'],2025-02-24,2025-02-24,Anne Arundel,Incident Not Applicable to MDE,21122,2025-02-24
950,343697,['Air'],2025-02-23,2025-02-23,Anne Arundel,Incident Closed - No further action,21032,2025-02-23
951,343694,['Air'],2025-02-21,2025-02-24,Anne Arundel,Referred to WMA,,2025-02-24
952,343693,['Air'],2025-02-24,2025-02-24,Frederick,Under Investigation,,2025-02-24
953,343692,['Air'],2025-02-24,2025-02-24,Anne Arundel,Incident Closed-Managed,21226,2025-02-24
954,343691,['Open Burning'],2025-02-24,2025-02-23,Washington,Referred to Outside Agency,21740,2025-02-23
955,343690,['Open Burning'],2025-02-21,2025-02-21,Washington,Referred to Outside Agency,21740,2025-02-21
956,343689,"['Odor', 'Smoke']",2025-02-24,2025-02-24,Allegany,Under Investigation,21502,2025-02-24
957,343688,['Other'],2025-02-20,2025-02-20,Prince George's,Incident Closed-Managed,,2025-02-20
958,343687,['Other'],2025-02-17,2025-02-17,Howard,Incident Closed-Managed,,2025-02-17
959,333688,['Air'],2025-02-19,2025-02-19,Anne Arundel,Incident Closed - No further action,21114,2025-02-19
960,333681,['Air'],2025-02-18,2025-02-18,Anne Arundel,Incident Closed-Managed,20711,2025-02-18
961,333680,['Air'],2025-02-18,2025-02-18,Anne Arundel,Incident Not Applicable to MDE,,2025-02-18
962,333674,['Air'],2025-02-18,2025-02-13,Anne Arundel,Incident Closed-Managed,,2025-02-13
963,333673,['Air'],2025-02-13,2025-02-14,Baltimore,Under Investigation,,2025-02-14
964,333672,['Air'],2025-02-13,2025-02-14,Harford,Incident Closed-Managed,,2025-02-14
965,333671,['Smoke'],2025-02-13,2025-01-27,Allegany,Under Investigation,21502,2025-01-27
966,333670,['Noise Complaint'],2025-02-08,2025-02-08,Harford,Incident Closed - No further action,20723,2025-02-08
967,333668,"['Air Pollutant Release', 'Odor', 'Smoke']",2025-02-13,2024-12-30,Allegany,Under Investigation,21502,2024-12-30
968,333666,['Air'],2025-02-13,2025-02-13,Anne Arundel,Incident Not Applicable to MDE,21076,2025-02-13
969,333657,['Air'],2025-02-11,2025-02-11,Anne Arundel,Incident Not Applicable to MDE,21076,2025-02-11
970,333650,['Odor'],2025-02-06,2025-02-06,Worcester,Incident Closed-Managed,,2025-02-06
971,333646,['Air'],2025-02-06,2025-02-06,Harford,Incident Closed - No further action,21015,2025-02-06
972,333634,['Air'],2025-02-03,2025-02-03,Baltimore,Incident Closed-No Violation Observed,,2025-02-03
973,333630,['Air'],2025-02-03,2025-01-30,Harford,Referred to Outside Agency,,2025-01-30
974,333629,['Air'],2025-01-31,2025-01-31,Baltimore,Referred to Outside Agency,,2025-01-31
975,333626,['Odor'],2025-01-29,2025-01-27,Dorchester,Incident Closed - No further action,21835,2025-01-27
976,333625,['Odor'],2025-01-29,2025-01-24,Dorchester,Incident Closed - No further action,21835,2025-01-24
977,333624,['Odor'],2025-01-27,2025-01-27,St. Mary's,Incident Closed-Managed,,2025-01-27
978,333623,['Odor'],2025-01-27,2025-01-27,St. Mary's,Incident Closed-Managed,,2025-01-27
979,333622,['Odor'],2025-01-27,2025-01-27,St. Mary's,Incident Closed-Managed,,2025-01-27
980,333621,['Odor'],2025-01-27,2025-01-27,St. Mary's,Incident Closed-Managed,,2025-01-27
981,333620,['Odor'],2025-01-27,2025-01-27,St. Mary's,Incident Closed-Managed,,2025-01-27
982,333619,['Odor'],2025-01-27,2025-01-27,St. Mary's,Incident Closed-Managed,,2025-01-27
983,333618,['Odor'],2025-01-27,2025-01-27,St. Mary's,Incident Closed-Managed,,2025-01-27
984,333617,['Odor'],2025-01-27,2025-01-27,St. Mary's,Incident Closed-Managed,,2025-01-27
985,333616,['Odor'],2025-01-27,2025-01-27,St. Mary's,Incident Closed-Managed,,2025-01-27
986,333615,['Odor'],2025-01-23,2025-01-23,St. Mary's,Incident Closed-Managed,,2025-01-23
987,333613,['Odor'],2025-01-24,2025-01-24,St. Mary's,Incident Closed-Managed,,2025-01-24
988,333612,['Odor'],2025-01-22,2025-01-22,St. Mary's,Incident Closed-Managed,,2025-01-22
989,333611,['Odor'],2025-01-21,2025-01-21,Baltimore,Incident Closed-Managed,,2025-01-21
990,333610,['Odor'],2025-01-20,2025-01-20,Baltimore City,Incident Closed-Managed,,2025-01-20
991,333609,['Odor'],2025-01-18,2025-01-18,Baltimore City,Incident Closed-Managed,,2025-01-18
992,333608,['Odor'],2025-01-17,2025-01-17,Baltimore City,Incident Closed-Managed,,2025-01-17
993,333607,['Fugitive Dust/Particulate Matter'],2025-01-09,2025-01-09,Baltimore City,Incident Closed-Managed,,2025-01-09
994,333606,['Other'],2025-01-22,2025-01-22,Prince George's,Incident Closed-Managed,,2025-01-22
995,333604,"['Agricultural', 'Air']",2025-01-29,2025-01-30,Harford,Referred to Outside Agency,,2025-01-30
996,333597,"['Air', 'Fugitive Dust/Particulate Matter', 'Fumes', 'Noise Complaint']",2025-01-23,2025-01-23,Montgomery,Referred to Outside Agency,20814,2025-01-23
997,333596,['Air'],2025-01-28,2025-01-28,Anne Arundel,Incident Closed-No Violation Observed,21114,2025-01-28
998,333595,"['Air', 'Odor', 'Smoke']",2025-01-24,2025-01-24,Montgomery,Incident Closed - No further action,20905,2025-01-24
999,323574,['Air'],2025-01-23,2025-01-23,Baltimore,Incident Closed - No further action,21230,2025-01-23
1000,323572,['Air'],2025-01-22,2025-01-22,Anne Arundel,Incident Closed-No Violation Observed,20764,2025-01-22
1001,323571,['Air'],2025-01-22,2025-01-21,Baltimore,Referred to ARA,21222,2025-01-21
1002,323570,['Air'],2025-01-22,2025-01-21,Baltimore,Referred to ARA,21222,2025-01-21
1003,323569,['Air'],2025-01-22,2025-01-21,Baltimore,Referred to ARA,21222,2025-01-21
1004,323563,['Smoke'],2025-01-16,2025-01-16,Allegany,Under Investigation,21502,2025-01-16
1005,323562,['Other'],2025-01-17,2025-01-17,Howard,Incident Closed-Managed,,2025-01-17
1006,323561,['Air'],2025-01-19,2025-01-19,Anne Arundel,Incident Closed-No Violation Observed,21060,2025-01-19
1007,323560,['Air'],2025-01-13,2025-01-13,Anne Arundel,Incident Closed-No Violation Observed,21037,2025-01-13
1008,323548,"['Air', 'Fumes', 'Odor']",2025-01-09,2025-01-09,Cecil,Incident Closed-Managed,21903,2025-01-09
1009,323546,"['Odor', 'Smoke']",2025-01-14,2025-01-14,Allegany,Under Investigation,21502,2025-01-14
1010,323540,['Air Pollutant Release'],2025-01-09,2025-01-08,Allegany,Referred to Outside Agency,21502,2025-01-08
1011,323535,['Odor'],2025-01-09,2025-01-04,Anne Arundel,Incident Closed-Managed,,2025-01-04
1012,323534,"['Odor', 'Smoke']",2025-01-07,2024-12-23,Allegany,Under Investigation,21502,2024-12-23
1013,323531,['Open Burning'],2025-01-02,2025-01-02,Washington,Referred to Outside Agency,21740,2025-01-02
1014,323530,['Coal Mining'],2024-12-27,2024-12-27,Allegany,Incident Closed - No further action,,2024-12-27
1015,323529,['Smoke'],2024-12-27,2024-12-27,Allegany,Incident Closed-No Violation Observed,21502,2024-12-27
1016,323528,['Other'],2025-01-05,2025-01-05,Prince George's,Incident Closed-Managed,20737,2025-01-05
1017,323527,['Other'],2024-12-08,2024-12-08,Prince George's,Incident Closed-Managed,20737,2024-12-08
1018,323523,['Odor'],2024-12-19,2024-12-19,Baltimore City,Incident Closed-Managed,,2024-12-19
1019,323522,['Odor'],2024-12-31,2024-12-31,Baltimore City,Incident Closed-Managed,,2024-12-31
1020,323521,['Odor'],2024-12-27,2024-12-27,Baltimore City,Incident Closed-Managed,,2024-12-27
1021,323520,['Air'],2025-01-06,2025-01-06,Baltimore City,Incident Closed-No Violation Observed,21226,2025-01-06
1022,323518,['Air'],2025-01-02,2025-01-02,Outside of Maryland,Incident Closed-No Violation Observed,,2025-01-02
1023,323516,['ARA AQCP non-regulated entity'],2025-01-02,2024-12-27,Dorchester,Incident Closed - No further action,,2024-12-27
1024,323516,['ARA AQCP non-regulated entity'],2025-01-02,2024-12-27,Dorchester,Incident Closed - No further action,,2024-12-27
1025,323515,['Other'],2024-12-30,2024-12-30,Prince George's,Incident Closed-Managed,,2024-12-30
1026,323514,['Other'],2024-12-30,2024-12-30,Prince George's,Incident Closed-Managed,,2024-12-30
1027,323513,['Other'],2024-12-30,2024-12-30,Prince George's,Incident Closed-Managed,,2024-12-30
1028,323512,['Other'],2024-12-30,2024-12-30,Prince George's,Incident Closed-Managed,,2024-12-30
1029,323509,['Air'],2024-12-28,2024-12-28,Anne Arundel,Incident Closed - No further action,21401,2024-12-28
1030,323508,['Other'],2024-12-23,2024-12-23,Prince George's,Incident Closed-Clean-up Completed,,2024-12-23
1031,323507,['Air'],2024-12-20,2024-12-20,Frederick,Incident Closed-No Violation Observed,21701,2024-12-20
1032,323506,['Air'],2024-12-20,2024-12-20,,Referred to Outside Agency,,2024-12-20
1033,323505,['Air'],2024-12-23,2024-12-23,Anne Arundel,Incident Closed-Managed,21226,2024-12-23
1034,323501,"['Air', 'Fugitive Dust/Particulate Matter', 'Other']",2024-12-19,2024-12-19,Carroll,Incident Closed - No further action,21157,2024-12-19
1035,323499,['Other'],2024-12-10,2024-12-10,Prince George's,Incident Closed-Managed,,2024-12-10
1036,313499,['Air'],2024-12-19,2024-12-19,Anne Arundel,Under Investigation,,2024-12-19
1037,313497,['Air'],2024-12-17,2024-12-17,Anne Arundel,Incident Closed-No Violation Observed,21226,2024-12-17
1038,313495,['Air'],2024-12-17,2024-12-17,Frederick,Incident Closed-No Violation Observed,21701,2024-12-17
1039,313494,['Air'],2024-12-16,2024-12-16,Anne Arundel,Incident Closed-No Violation Observed,21226,2024-12-16
1040,313493,['Air'],2024-12-14,2024-12-14,Anne Arundel,Incident Closed-No Violation Observed,21226,2024-12-14
1041,313492,['Air'],2024-12-14,2024-12-14,Anne Arundel,Incident Closed-No Violation Observed,21226,2024-12-14
1042,313488,['Smoke'],2024-12-13,2024-12-13,Wicomico,Incident Closed-No Violation Observed,21849,2024-12-13
1043,313486,['Smoke'],2024-12-12,2024-12-12,Baltimore,Incident Closed-Managed,,2024-12-12
1044,313485,['Odor'],2024-12-11,2024-12-11,Baltimore City,Incident Closed-Managed,,2024-12-11
1045,313484,['Odor'],2024-12-09,2024-12-09,Baltimore City,Incident Closed-Managed,,2024-12-09
1046,313480,['Odor'],2024-12-10,2024-12-10,Worcester,Incident Closed-No Violation Observed,21811,2024-12-10
1047,313472,['Odor'],2024-11-24,2024-11-24,Baltimore City,Incident Closed-Managed,,2024-11-24
1048,313471,['Odor'],2024-11-26,2024-11-26,Baltimore,Incident Closed-Managed,,2024-11-26
1049,313470,['ARA AQCP non-regulated entity'],2024-11-19,2024-11-19,Baltimore,Incident Closed - No further action,,2024-11-19
1050,313469,['Odor'],2024-11-19,2024-11-19,Baltimore City,Incident Closed-Managed,,2024-11-19
1051,313468,['Fugitive Dust/Particulate Matter'],2024-11-08,2024-11-08,Baltimore,Incident Closed-Managed,,2024-11-08
1052,313467,['Open Burning'],2024-11-07,2024-11-07,Calvert,Incident Closed-Managed,,2024-11-07
1053,313466,['Fugitive Dust/Particulate Matter'],2024-11-07,2024-11-07,Baltimore,Incident Closed-Managed,,2024-11-07
1054,313465,['ARA AQCP non-regulated entity'],2024-11-07,2024-11-07,Baltimore,Incident Closed - No further action,,2024-11-07
1055,313464,['Fugitive Dust/Particulate Matter'],2024-11-06,2024-11-06,Baltimore,Incident Closed-Managed,,2024-11-06
1056,313463,['Odor'],2024-11-13,2024-11-13,Baltimore City,Incident Closed-Managed,,2024-11-13
1057,313462,['Fugitive Dust/Particulate Matter'],2024-11-09,2024-11-09,Baltimore,Incident Closed-Managed,,2024-11-09
1058,313461,['ARA AQCP non-regulated entity'],2024-10-30,2024-10-30,Baltimore,Incident Closed-Managed,,2024-10-30
1059,313460,['Fugitive Dust/Particulate Matter'],2024-10-28,2024-10-28,Baltimore,Incident Closed-Managed,,2024-10-28
1061,313453,"['Air', 'Fugitive Dust/Particulate Matter']",2024-12-06,2024-12-06,Montgomery,Incident Closed-Managed,20814,2024-12-06
1062,313450,['Fugitive Dust/Particulate Matter'],2024-10-28,2024-10-28,Baltimore,Incident Closed-Managed,,2024-10-28
1063,313449,['Fugitive Dust/Particulate Matter'],2024-10-25,2024-10-25,Baltimore,Incident Closed-Managed,,2024-10-25
1064,313448,['Fugitive Dust/Particulate Matter'],2024-10-23,2024-10-23,Baltimore,Incident Closed-Managed,,2024-10-23
1065,313447,['Fugitive Dust/Particulate Matter'],2024-10-23,2024-10-23,Baltimore,Incident Closed-Managed,,2024-10-23
1066,313446,['Odor'],2024-10-23,2024-10-23,Baltimore City,Incident Closed-Managed,,2024-10-23
1067,313445,"['Air', 'Other']",2024-12-04,2024-12-04,Montgomery,Incident Closed - No further action,,2024-12-04
1068,313444,['Fugitive Dust/Particulate Matter'],2024-10-18,2024-10-18,Baltimore,Incident Closed-Managed,,2024-10-18
1069,313443,['Odor'],2024-10-13,2024-10-13,Baltimore City,Incident Closed-Managed,,2024-10-13
1070,313442,['Odor'],2024-10-04,2024-10-04,Baltimore,Incident Closed-Managed,,2024-10-04
1071,313441,['Odor'],2024-10-03,2024-10-03,Baltimore City,Incident Closed-Managed,,2024-10-03
1072,313440,['Odor'],2024-10-03,2024-10-03,Baltimore,Incident Closed-Managed,,2024-10-03
1073,313438,['Smoke'],2024-10-03,2024-10-03,Baltimore,Incident Closed-Managed,21228,2024-10-03
1074,313437,['Odor'],2024-10-02,2024-10-02,Baltimore City,Incident Closed-Managed,,2024-10-02
1075,313424,['Air'],2024-12-04,2024-12-04,Anne Arundel,Incident Closed - No further action,21114,2024-12-04
1076,313423,"['Air', 'Fugitive Dust/Particulate Matter']",2024-12-02,2024-12-02,Cecil,Incident Closed-Managed,21901,2024-12-02
1077,313422,"['Air', 'Fugitive Dust/Particulate Matter']",2024-12-02,2024-12-02,Cecil,Incident Closed-Managed,21901,2024-12-02
1078,313416,['Open Burning'],2024-11-27,2024-11-26,Wicomico,Incident Closed-Managed,21801,2024-11-26
1079,313413,['Other'],2024-11-14,2024-11-14,Allegany,Incident Closed - No further action,21502,2024-11-14
1080,313411,['Odor'],2024-11-08,2024-11-08,Allegany,Referred to Outside Agency,21501,2024-11-08
1081,303409,['Air'],2024-11-21,2024-11-21,Baltimore,Incident Closed-No Violation Observed,,2024-11-21
1082,303408,['Air'],2024-11-19,2024-11-19,Anne Arundel,Incident Closed-Managed,21113,2024-11-19
1083,303399,['Air'],2024-11-19,2024-11-19,Anne Arundel,Incident Closed-Managed,21226,2024-11-19
1084,303398,['Air'],2024-11-18,2024-11-18,Anne Arundel,Incident Closed-Managed,21226,2024-11-18
1085,303395,"['Air', 'Fugitive Dust/Particulate Matter']",2024-11-13,2024-11-13,Montgomery,Incident Closed-Managed,20837,2024-11-13
1086,303394,"['Air', 'Fugitive Dust/Particulate Matter', 'Odor']",2024-11-14,2024-11-04,Montgomery,Referred to Outside Agency,20850,2024-11-04
1087,303394,"['Air', 'Fugitive Dust/Particulate Matter', 'Odor']",2024-11-14,2024-11-04,Montgomery,Referred to Outside Agency,20850,2024-11-04
1088,303393,"['Air', 'Fugitive Dust/Particulate Matter']",2024-11-14,2024-11-06,Montgomery,Referred to Outside Agency,20850,2024-11-06
1089,303393,"['Air', 'Fugitive Dust/Particulate Matter']",2024-11-14,2024-11-06,Montgomery,Referred to Outside Agency,20850,2024-11-06
1090,303390,['Odor'],2024-11-19,2024-11-15,Cecil,Incident Closed - No further action,21921,2024-11-15
1091,303389,['Smoke'],2024-11-15,2024-11-15,Cecil,Incident Closed-Managed,21921,2024-11-15
1092,303384,['Other'],2024-11-13,2024-11-13,Prince George's,Incident Closed-Managed,,2024-11-13
1093,303373,['Air'],2024-11-04,2024-11-04,Anne Arundel,Incident Closed - No further action,21146,2024-11-04
1094,303372,['Air'],2024-11-04,2024-11-04,Anne Arundel,Incident Closed-Managed,21226,2024-11-04
1095,303371,['Air'],2024-11-07,2024-11-07,Anne Arundel,Incident Closed-Managed,21226,2024-11-07
1096,303370,['Air'],2024-11-08,2024-11-08,Anne Arundel,Incident Closed-Managed,21226,2024-11-08
1097,303369,['Odor'],2024-11-11,2024-11-12,Baltimore City,Incident Closed-Managed,21226,2024-11-12
1098,303366,"['Air', 'Other']",2024-10-29,2024-10-29,Montgomery,Incident Closed-Managed,20877,2024-10-29
1099,303365,"['Air', 'Fugitive Dust/Particulate Matter']",2024-11-06,2024-11-06,Montgomery,Referred to Outside Agency,20874,2024-11-06
1100,303364,"['Air', 'Fugitive Dust/Particulate Matter']",2024-11-08,2024-11-03,Montgomery,Referred to Outside Agency,20896,2024-11-03
1101,303363,"['Air', 'Open Burning']",2024-11-01,2024-10-31,Carroll,Referred to Outside Agency,21784,2024-10-31
1103,303361,"['Air', 'Other']",2024-10-30,2024-10-30,Anne Arundel,Referred to Outside Agency,21061,2024-10-30
1104,303353,['Other'],2024-10-21,2024-10-21,Washington,Incident Closed-No Violation Observed,21742,2024-10-21
1105,303337,['Air'],2024-10-31,2024-10-31,Anne Arundel,Incident Closed - No further action,,2024-10-31
1106,303320,['Air'],2024-10-27,2024-10-27,Frederick,Incident Closed-Managed,21769,2024-10-27
1107,303318,['Air'],2024-10-29,2024-10-29,Frederick,Incident Closed - No further action,21783,2024-10-29
1108,303314,['Air'],2024-10-28,2024-10-28,Anne Arundel,Incident Closed - No further action,21037,2024-10-28
1109,303302,['Other'],2024-10-22,2024-10-22,Prince George's,Incident Closed-Managed,,2024-10-22
1110,303298,['Air'],2024-10-23,2024-10-23,Frederick,Incident Closed-Managed,21769,2024-10-23
1111,303297,['Air'],2024-10-22,2024-10-22,Frederick,Incident Closed - No further action,21701,2024-10-22
1112,303295,['Air'],2024-10-21,2024-10-21,Anne Arundel,Incident Closed-No Violation Observed,,2024-10-21
1113,303293,['Air'],2024-10-21,2024-10-21,Frederick,Incident Closed-Managed,21769,2024-10-21
1114,303292,['Air'],2024-10-21,2024-10-21,Anne Arundel,Incident Closed-No Violation Observed,21061,2024-10-21
1115,303289,['Other'],2024-10-18,2024-10-18,Prince George's,Incident Closed-Managed,,2024-10-18
1116,303288,['Fugitive Dust/Particulate Matter'],2024-10-17,2024-10-17,Talbot,Incident Closed-No Violation Observed,21601,2024-10-17
1117,293289,['Air'],2024-10-16,2024-10-16,Frederick,Incident Closed-Managed,21769,2024-10-16
1118,293288,['Other'],2024-10-16,2024-08-21,Worcester,Incident Closed-Managed,21811,2024-08-21
1119,293283,['Air'],2024-10-15,2024-10-15,Baltimore,Incident Closed-Managed,21220,2024-10-15
1120,293282,['Air'],2024-10-15,2024-10-15,Anne Arundel,Incident Closed-Managed,21144,2024-10-15
1121,293276,['Air'],2024-10-11,2024-10-11,Anne Arundel,Incident Closed-No Violation Observed,21061,2024-10-11
1122,293274,['Odor'],2024-10-15,2024-10-08,Howard,Incident Closed - No further action,,2024-10-08
1123,293265,['Other'],2024-10-09,2024-10-09,Allegany,Incident Closed - No further action,21502,2024-10-09
1124,293262,['Fugitive Dust/Particulate Matter'],2024-10-11,2024-10-10,Talbot,Incident Closed-Managed,21601,2024-10-10
1125,293260,['Other'],2024-10-07,2024-10-07,Prince George's,Incident Closed-Managed,,2024-10-07
1126,293252,['Air'],2024-10-07,2024-10-07,Anne Arundel,Incident Closed - No further action,21076,2024-10-07
1127,293250,['Other'],2024-10-05,2024-10-05,Prince George's,Incident Closed-Managed,,2024-10-05
1128,293249,['Other'],2024-10-03,2024-10-03,Prince George's,Incident Closed-Managed,,2024-10-03
1129,293247,['Odor'],2024-09-26,2024-09-26,Dorchester,Incident Closed - No further action,21835,2024-09-26
1130,293246,['Odor'],2024-09-13,2024-09-13,Dorchester,Incident Closed - No further action,21835,2024-09-13
1131,293245,['Odor'],2024-08-22,2024-08-22,Dorchester,Incident Closed - No further action,21835,2024-08-22
1132,293239,['Air'],2024-10-03,2024-10-03,Anne Arundel,Incident Closed-No Violation Observed,21701,2024-10-03
1133,293238,['Air'],2024-10-03,2024-10-03,Anne Arundel,Incident Closed-Managed,21060,2024-10-03
1134,293237,['Air'],2024-09-12,2024-09-12,Harford,Incident Closed-Managed,,2024-09-12
1135,293231,['Odor'],2024-09-30,2024-09-30,Baltimore City,Incident Closed-Managed,,2024-09-30
1136,293230,['ARA AQCP non-regulated entity'],2024-09-26,2024-09-26,Baltimore,Incident Closed-Managed,,2024-09-26
1137,293229,['Fugitive Dust/Particulate Matter'],2024-09-24,2024-09-24,Baltimore City,Incident Closed-Managed,,2024-09-24
1138,293228,['Fugitive Dust/Particulate Matter'],2024-09-23,2024-09-23,Baltimore,Incident Closed-Managed,,2024-09-23
1139,293227,['Odor'],2024-09-23,2024-09-23,Baltimore City,Incident Closed-Managed,,2024-09-23
1140,293226,['Odor'],2024-09-20,2024-09-20,Baltimore City,Incident Closed-Managed,,2024-09-20
1141,293225,['Fugitive Dust/Particulate Matter'],2024-09-17,2024-09-17,Baltimore,Incident Closed-Managed,,2024-09-17
1142,293224,['Fugitive Dust/Particulate Matter'],2024-09-16,2024-09-16,Baltimore,Incident Closed-Managed,,2024-09-16
1143,293220,['Odor'],2024-09-15,2024-09-15,Baltimore City,Incident Closed-Managed,,2024-09-15
1144,293219,['Odor'],2024-09-14,2024-09-14,Baltimore City,Incident Closed-Managed,,2024-09-14
1145,293218,['Fugitive Dust/Particulate Matter'],2024-09-12,2024-09-12,Baltimore,Incident Closed-Managed,,2024-09-12
1146,293217,['Other'],2024-09-12,2024-09-12,Baltimore,Incident Closed - No further action,,2024-09-12
1147,293216,['Odor'],2024-09-10,2024-09-10,Baltimore City,Incident Closed-Managed,,2024-09-10
1148,293215,['Other'],2024-09-09,2024-09-09,Baltimore,Incident Closed - No further action,,2024-09-09
1149,293214,['ARA AQCP non-regulated entity'],2024-09-09,2024-09-09,Baltimore,Incident Closed - No further action,,2024-09-09
1150,293213,['Odor'],2024-08-30,2024-08-30,Baltimore City,Incident Closed-Managed,,2024-08-30
1151,293212,['Odor'],2024-08-29,2024-08-29,Baltimore City,Incident Closed-Managed,,2024-08-29
1152,293210,['Odor'],2024-08-15,2024-08-15,Anne Arundel,Incident Closed-Managed,,2024-08-15
1153,293209,['Odor'],2024-08-15,2024-08-15,Anne Arundel,Incident Closed-Managed,,2024-08-15
1154,293208,['Odor'],2024-08-15,2024-08-15,Anne Arundel,Incident Closed-Managed,,2024-08-15
1155,293207,['Odor'],2024-08-06,2024-08-06,Baltimore City,Incident Closed - No further action,,2024-08-06
1156,293205,['Odor'],2024-07-26,2024-07-26,Baltimore City,Incident Closed-Managed,,2024-07-26
1157,293204,['Odor'],2024-07-23,2024-07-23,Baltimore City,Incident Closed-Managed,,2024-07-23
1158,293203,['Odor'],2024-07-22,2024-07-22,Baltimore City,Incident Closed-Managed,,2024-07-22
1159,293182,['Air'],2024-09-19,2024-09-19,Anne Arundel,Incident Closed-No Violation Observed,,2024-09-19
1160,293179,['Odor'],2024-09-20,2024-09-20,Caroline,Incident Not Applicable to MDE,21636,2024-09-20
1161,293176,['Other'],2024-09-18,2024-09-18,Prince George's,Incident Closed-Managed,,2024-09-18
1162,293175,['Fugitive Dust/Particulate Matter'],2024-09-12,2024-09-12,Baltimore,Incident Closed-Managed,,2024-09-12
1163,293174,['Open Burning'],2024-09-13,2024-09-12,Allegany,Referred to Outside Agency,21545,2024-09-12
1164,283166,['Other'],2024-09-13,2024-09-13,Prince George's,Incident Closed-Managed,,2024-09-13
1165,283164,['Air'],2024-09-16,2024-09-16,Anne Arundel,Incident Closed-No Violation Observed,21037,2024-09-16
1166,283162,['Fugitive Dust/Particulate Matter'],2024-09-06,2024-09-06,Washington,Incident Closed-Managed,21740,2024-09-06
1167,283161,['Fugitive Dust/Particulate Matter'],2024-09-05,2024-08-29,Washington,Incident Closed-Managed,21740,2024-08-29
1168,283159,['Fugitive Dust/Particulate Matter'],2024-09-05,2024-09-05,Washington,Incident Closed-Managed,21740,2024-09-05
1170,283157,['Air'],2024-09-16,2024-09-16,Prince George's,Incident Closed-Managed,20740,2024-09-16
1171,283156,['Fugitive Dust/Particulate Matter'],2024-09-17,2024-09-16,Caroline,Incident Closed-No Violation Observed,21632,2024-09-16
1172,283151,['Air'],2024-09-12,,Harford,Incident Closed-Managed,,
1173,283150,['Odor'],2024-09-12,2024-09-12,Baltimore City,Incident Closed-Managed,,2024-09-12
1174,283149,"['Air', 'Asbestos Complaint', 'Fugitive Dust/Particulate Matter']",2024-09-03,2024-07-30,Montgomery,Incident Closed-Managed,20837,2024-07-30
1175,283148,"['Air', 'Odor']",2024-09-05,2024-08-22,Montgomery,Referred to Outside Agency,20910,2024-08-22
1176,283147,"['Air', 'Odor', 'Other']",2024-09-04,2024-09-04,Montgomery,Referred to Outside Agency,20906,2024-09-04
1177,283141,['Air'],2024-09-16,2024-09-16,Baltimore City,Incident Closed-Managed,21226,2024-09-16
1178,283136,['Other'],2024-09-11,2024-09-11,Howard,Incident Closed-Managed,,2024-09-11
1179,283135,['Other'],2024-09-11,2024-09-11,Howard,Incident Closed-Managed,,2024-09-11
1180,283134,['Other'],2024-09-11,2024-09-11,Howard,Incident Closed-Managed,,2024-09-11
1181,283133,['Other'],2024-09-10,2024-09-10,Howard,Incident Closed-Managed,,2024-09-10
1182,283132,['Other'],2024-09-06,2024-09-06,Prince George's,Incident Closed-Managed,20722,2024-09-06
1183,283131,['Other'],2024-09-05,2024-09-05,Howard,Incident Closed-Managed,21075,2024-09-05
1184,283130,['Odor'],2024-09-13,2024-09-11,Howard,Incident Closed - No further action,21044,2024-09-11
1185,283129,['Odor'],2024-09-13,2024-09-11,Howard,Incident Closed - No further action,21044,2024-09-11
1186,283127,['Air'],2024-09-11,2024-09-11,Anne Arundel,Incident Closed-No Violation Observed,21401,2024-09-11
1187,283107,['Air'],2024-09-09,2024-09-09,Anne Arundel,Incident Closed - No further action,21037,2024-09-09
1188,283094,['Odor'],2024-09-05,2024-09-02,Anne Arundel,Incident Closed-No Violation Observed,21122,2024-09-02
1189,283092,['Air'],2024-09-05,2024-09-05,Anne Arundel,Incident Closed-No Violation Observed,21090,2024-09-05
1190,283080,['Air'],2024-09-03,2024-09-03,Anne Arundel,Incident Closed-No Violation Observed,,2024-09-03
1191,283079,['Air'],2024-09-03,2024-08-29,Frederick,Incident Closed - No further action,,2024-08-29
1192,283078,['Air'],2024-09-03,2024-08-30,Anne Arundel,Incident Closed-No Violation Observed,,2024-08-30
1193,283073,['Other'],2024-08-29,2024-08-29,Prince George's,Incident Closed-Managed,20781,2024-08-29
1194,283072,['Other'],2024-08-15,2024-08-15,Prince George's,Incident Closed-Managed,20737,2024-08-15
1196,283061,['Air'],2024-08-28,2024-08-28,Anne Arundel,Incident Closed-No Violation Observed,,2024-08-28
1197,283060,['Air'],2024-08-28,2024-08-28,Anne Arundel,Incident Closed - No further action,21061,2024-08-28
1198,283059,['Air'],2024-08-27,2024-08-27,Frederick,Incident Closed-No Violation Observed,,2024-08-27
1199,283056,['Smoke'],2024-08-27,2024-08-27,Allegany,Referred to Outside Agency,26753,2024-08-27
1200,283055,['Air'],2024-08-27,2024-08-27,Frederick,Incident Closed-Managed,21757,2024-08-27
1201,283053,['Oil Release/Spill (Surface)'],2024-08-26,2024-08-26,Allegany,Referred to LMA,21502,2024-08-26
1202,283052,['Odor'],2024-08-22,2024-08-22,Dorchester,Referred to ARA,21835,2024-08-22
1203,283051,['Air'],2024-08-23,2024-08-23,Anne Arundel,Incident Closed - No further action,21144,2024-08-23
1204,283050,['Air'],2024-08-23,2024-08-23,Anne Arundel,Incident Closed - No further action,,2024-08-23
1205,283041,['Air'],2024-08-12,2024-08-12,Harford,Referred to Outside Agency,,2024-08-12
1206,273030,['Air'],2024-08-21,2024-08-21,Frederick,Incident Closed-No Violation Observed,,2024-08-21
1207,273007,['Air'],2024-08-12,2024-08-12,Montgomery,Referred to Outside Agency,20910-484,2024-08-12
1208,272998,['Other'],2024-08-07,2024-08-07,Howard,Incident Closed-Managed,,2024-08-07
1209,272992,"['Air', 'Open Burning', 'Smoke']",2024-08-06,2024-08-06,Cecil,Referred to LMA,21921,2024-08-06
1210,272991,['Odor'],2024-08-02,2024-08-02,Baltimore,Incident Closed-Managed,,2024-08-02
1211,272989,['Smoke'],2024-07-30,2024-07-31,Baltimore,Incident Closed-Managed,21228,2024-07-31
1212,272987,['Air'],2024-08-08,2024-08-08,Frederick,Incident Closed-No Violation Observed,,2024-08-08
1213,272986,['Odor'],2024-08-07,2024-08-05,Baltimore City,Incident Closed - No further action,21226,2024-08-05
1214,272976,['Air'],2024-07-29,2024-07-29,Charles,Incident Closed-Managed,20695,2024-07-29
1215,272972,['Odor'],2024-07-27,2024-07-27,Dorchester,Incident Closed - No further action,21835,2024-07-27
1216,272971,['Odor'],2024-07-20,2024-07-20,Dorchester,Incident Closed - No further action,21835,2024-07-20
1217,272970,['Odor'],2024-07-20,2024-07-20,Dorchester,Incident Closed - No further action,21835,2024-07-20
1218,272969,['Other'],2024-08-02,2024-08-02,Howard,Incident Closed-Managed,,2024-08-02
1219,272966,['Other'],2024-07-30,2024-07-30,Allegany,Incident Closed-Managed,21542,2024-07-30
1220,272963,['Odor'],2024-08-01,2024-08-01,Allegany,Incident Closed-No Violation Observed,21502,2024-08-01
1221,272962,['Oil Release/Spill'],2024-07-24,2024-07-24,Garrett,Incident Closed - No further action,,2024-07-24
1222,272958,"['Air', 'Odor', 'Open Burning', 'Smoke']",2024-08-01,2024-08-01,Cecil,Referred to Outside Agency,21921,2024-08-01
1223,272954,['Other'],2024-08-02,2024-08-02,Prince George's,Incident Closed-Managed,20748,2024-08-02
1224,272943,"['Air', 'Odor']",2024-07-30,2024-07-30,Montgomery,Referred to Outside Agency,20910,2024-07-30
1225,272937,"['Air', 'Other']",2024-07-26,2024-07-15,Carroll,Referred to WMA,21158,2024-07-15
1226,272935,['Air'],2024-07-26,2024-07-11,Montgomery,Referred to Outside Agency,20850,2024-07-11
1227,272935,['Air'],2024-07-26,2024-07-11,Montgomery,Referred to Outside Agency,20850,2024-07-11
1228,272933,['Other'],2024-07-26,2024-07-24,Prince George's,Incident Closed-Managed,,2024-07-24
1229,272916,['Open Burning'],2024-07-12,2024-07-12,Allegany,Referred to Outside Agency,21545,2024-07-12
1230,272915,['Asbestos Complaint'],2024-07-11,2024-07-11,Allegany,Referred to ARA,21540-109,2024-07-11
1231,272913,['Odor'],2024-07-11,2024-07-11,St. Mary's,Incident Closed-Managed,,2024-07-11
1232,272901,"['Air', 'Fugitive Dust/Particulate Matter']",2024-07-10,2024-07-10,Cecil,Incident Closed-Managed,21918,2024-07-10
1233,272897,['Air'],2024-07-16,2024-07-16,Anne Arundel,Incident Closed - No further action,21037,2024-07-16
1234,272880,['Air'],2024-07-15,2024-06-19,Washington,Incident Closed - No further action,,2024-06-19
1235,262877,['Air'],2024-07-11,2024-07-11,St. Mary's,Incident Closed-Managed,,2024-07-11
1236,252880,"['Air', 'Other']",2024-07-09,2024-07-09,Montgomery,Referred to Outside Agency,20910-484,2024-07-09
1237,252879,"['Air', 'Odor']",2024-07-09,2024-07-09,Carroll,Referred to Outside Agency,21158,2024-07-09
1238,252877,['Air'],2024-07-09,2024-07-09,Anne Arundel,Incident Closed-No Violation Observed,20764,2024-07-09
1239,252874,['Odor'],2024-07-09,2024-07-09,Baltimore City,Incident Closed-Managed,,2024-07-09
1240,252873,['Odor'],2024-07-02,2024-07-02,Baltimore City,Incident Closed-Managed,,2024-07-02
1241,252872,['Odor'],2024-06-28,2024-06-28,Baltimore City,Incident Closed-Managed,,2024-06-28
1242,252871,['Air'],2024-06-25,2024-06-25,Baltimore,Incident Closed-Managed,,2024-06-25
1243,252870,['Odor'],2024-06-18,2024-06-18,Baltimore,Incident Closed-Managed,,2024-06-18
1244,252869,['Odor'],2024-06-16,2024-06-16,Baltimore City,Incident Closed-Managed,,2024-06-16
1245,252868,['ARA AQCP non-regulated entity'],2024-06-14,2024-06-14,Baltimore,Incident Closed - No further action,,2024-06-14
1246,252867,['Fugitive Dust/Particulate Matter'],2024-06-13,2024-06-13,Baltimore City,Incident Closed-Managed,,2024-06-13
1247,252866,['Odor'],2024-06-05,2024-06-05,Baltimore City,Incident Closed-Managed,,2024-06-05
1248,252864,['Fugitive Dust/Particulate Matter'],2024-07-08,2024-07-08,Allegany,Incident Closed-Managed,21540-109,2024-07-08
1249,252862,['Abandoned Drums/Tanks'],2024-07-08,2024-07-08,Allegany,Referred to LMA,21501,2024-07-08
1250,252861,['Air'],2024-07-02,2024-07-02,Anne Arundel,Incident Closed-No Violation Observed,21060,2024-07-02
1251,252847,['Other'],2024-07-03,2024-07-03,Prince George's,Incident Closed-Managed,,2024-07-03
1252,252846,['Other'],2024-07-02,2024-07-02,Prince George's,Incident Closed-Managed,20785,2024-07-02
1253,252844,['Fugitive Dust/Particulate Matter'],2024-07-01,2024-06-29,Allegany,Incident Closed-Managed,21540-109,2024-06-29
1254,252842,"['Noise Complaint', 'Other']",2024-06-27,2024-06-27,Washington,Referred to Outside Agency,21783,2024-06-27
1255,252839,['Odor'],2024-06-04,2024-06-04,Baltimore City,Incident Closed-Managed,,2024-06-04
1256,252838,['Odor'],2024-06-01,2024-06-01,Baltimore City,Incident Closed-Managed,,2024-06-01
1257,252837,['Odor'],2024-05-26,2024-05-26,Baltimore City,Incident Closed-Managed,,2024-05-26
1258,252836,['Fugitive Dust/Particulate Matter'],2024-05-23,2024-05-23,Baltimore,Incident Closed-Managed,,2024-05-23
1259,252835,['Odor'],2024-05-22,2024-05-22,Baltimore,Incident Closed-Managed,,2024-05-22
1260,252834,['Odor'],2024-05-17,2024-05-17,Baltimore City,Incident Closed-Managed,,2024-05-17
1261,252833,['Odor'],2024-05-16,2024-05-16,Baltimore City,Incident Closed-Managed,,2024-05-16
1262,252823,['Air'],2024-06-28,2024-06-28,Anne Arundel,Incident Closed-No Violation Observed,21060,2024-06-28
1263,252815,['Air'],2024-06-26,2024-06-25,Frederick,Referred to Outside Agency,21788,2024-06-25
1264,252814,['Air'],2024-06-19,2024-06-19,Anne Arundel,Incident Closed-No Violation Observed,,2024-06-19
1265,252810,['Fugitive Dust/Particulate Matter'],2024-06-25,2024-06-24,Talbot,Incident Closed-Managed,,2024-06-24
1266,252806,"['Groundwater Contamination', 'Oil Release/Spill (Surface)', 'Open Burning', 'Other']",2024-06-14,2024-06-14,Allegany,Referred to Outside Agency,21502,2024-06-14
1267,252804,['Air'],2024-06-20,2024-06-20,Carroll,Incident Closed - No further action,21771,2024-06-20
1268,252802,['Other'],2024-06-20,2024-06-20,Prince George's,Incident Closed-Managed,20737,2024-06-20
1269,252801,['Other'],2024-06-18,2024-06-18,Prince George's,Incident Closed-Managed,20781,2024-06-18
1270,252800,['Other'],2024-06-14,2024-06-14,Prince George's,Incident Closed-Managed,,2024-06-14
1271,252799,['Air'],2024-06-20,,Harford,Incident Closed-No Violation Observed,,
1272,252793,['Fugitive Dust/Particulate Matter'],2024-06-18,,Harford,Incident Closed-Managed,,
1273,252786,['Odor'],2024-06-17,2024-06-12,Prince George's,Incident Closed-Managed,,2024-06-12
1274,252772,['Noise Complaint'],2024-05-16,2024-05-16,Washington,Referred to Outside Agency,21783,2024-05-16
1275,252770,['Air'],2024-06-10,2024-06-10,Anne Arundel,Incident Closed-No Violation Observed,21060,2024-06-10
1276,252769,['Air'],2024-06-10,2024-06-10,Anne Arundel,Incident Closed-No Violation Observed,21060,2024-06-10
1277,252768,['Air'],2024-06-10,2024-06-10,Anne Arundel,Incident Closed-No Violation Observed,21060,2024-06-10
1278,252767,['Air'],2024-06-10,2024-06-10,Anne Arundel,Incident Closed-No Violation Observed,21060,2024-06-10
1279,252761,['Other'],2024-06-12,2024-06-12,Prince George's,Incident Closed-Managed,,2024-06-12
1280,252760,['Other'],2024-06-11,2024-06-11,Howard,Incident Closed-Managed,,2024-06-11
1281,252759,['Air'],2024-06-11,2024-06-11,Frederick,Referred to Attorney General's Office,21757,2024-06-11
1282,252758,"['Odor', 'Smoke']",2024-06-12,2024-05-26,Worcester,Referred to Outside Agency,21863,2024-05-26
1283,252757,"['Odor', 'Open Burning', 'Smoke']",2024-06-12,2024-05-29,Worcester,Referred to Outside Agency,21863,2024-05-29
1284,252756,"['Odor', 'Smoke']",2024-06-12,2024-05-28,Worcester,Referred to Outside Agency,21863,2024-05-28
1285,252752,['Air'],2024-06-11,2024-06-10,Frederick,Referred to Attorney General's Office,21757,2024-06-10
1286,252720,['Fugitive Dust/Particulate Matter'],2024-06-04,2024-06-04,Kent,Incident Closed-No Violation Observed,21620,2024-06-04
1287,252718,"['Odor', 'Smoke']",2024-06-03,2024-05-20,Worcester,Incident Closed-Managed,21863,2024-05-20
1288,252717,"['Fugitive Dust/Particulate Matter', 'Odor']",2024-06-03,2024-05-16,Worcester,Incident Closed - No further action,21863,2024-05-16
1289,252716,['Fumes'],2024-06-03,2024-05-21,Worcester,Incident Closed-Managed,21863,2024-05-21
1290,252712,['Air'],2024-05-31,2024-05-31,Frederick,Incident Closed-No Violation Observed,21788,2024-05-31
1291,252711,['Air'],2024-05-23,2024-05-23,Frederick,Referred to Attorney General's Office,21757,2024-05-23
1292,252711,['Air'],2024-05-23,2024-05-23,Frederick,Referred to Attorney General's Office,21757,2024-05-23
1293,252710,['Air'],2024-05-22,2024-05-22,Frederick,Referred to Attorney General's Office,21757,2024-05-22
1294,252710,['Air'],2024-05-22,2024-05-22,Frederick,Referred to Attorney General's Office,21757,2024-05-22
1295,252697,['Other'],2024-05-28,2024-05-29,Prince George's,Incident Closed-Managed,,2024-05-29
1296,252696,['Odor'],2024-05-28,2024-05-26,Worcester,Referred to Outside Agency,21863,2024-05-26
1297,252695,['Odor'],2024-05-20,2024-05-20,Dorchester,Incident Closed - No further action,21835,2024-05-20
1298,252691,"['Air', 'Odor']",2024-05-21,2024-05-21,Carroll,Referred to Outside Agency,21784,2024-05-21
1299,242688,['Odor'],2024-05-20,2024-05-17,Worcester,Incident Closed-No Violation Observed,21811,2024-05-17
1300,242682,['Other'],2024-05-20,2024-05-20,Prince George's,Incident Closed-Managed,,2024-05-20
1301,242681,['Other'],2024-05-15,2024-05-15,Prince George's,Incident Closed-Managed,,2024-05-15
1302,242675,['Odor'],2024-04-23,2024-04-22,Prince George's,Incident Closed-Managed,20743,2024-04-22
1303,242674,['Smoke'],2024-05-21,2024-04-19,Prince George's,Incident Closed-Managed,20743,2024-04-19
1304,242664,['Other'],2024-05-14,2024-05-14,Prince George's,Incident Closed-Managed,,2024-05-14
1305,242663,['Odor'],2024-05-16,2024-05-16,Worcester,Referred to Outside Agency,21863,2024-05-16
1306,242661,['Air'],2024-05-15,2024-05-15,Anne Arundel,Incident Closed - No further action,20724,2024-05-15
1307,242656,['Odor'],2024-05-10,2024-05-10,Baltimore City,Incident Closed-Managed,,2024-05-10
1308,242655,['Odor'],2024-05-06,2024-05-06,Baltimore City,Incident Closed-Managed,,2024-05-06
1309,242654,['Fugitive Dust/Particulate Matter'],2024-05-01,2024-05-01,Baltimore City,Incident Closed-Managed,,2024-05-01
1310,242653,['Fugitive Dust/Particulate Matter'],2024-04-30,2024-04-30,Baltimore City,Incident Closed-Managed,,2024-04-30
1311,242652,['Odor'],2024-04-26,2024-04-26,Baltimore City,Incident Closed-Managed,,2024-04-26
1312,242651,['Odor'],2024-04-24,2024-04-24,Baltimore City,Incident Closed-Managed,,2024-04-24
1313,242650,['Fugitive Dust/Particulate Matter'],2024-04-22,2024-04-22,Baltimore City,Incident Closed-Managed,,2024-04-22
1314,242648,['Odor'],2024-04-09,2024-04-09,Baltimore City,Incident Closed-Managed,,2024-04-09
1315,242647,['Odor'],2024-04-14,2024-04-14,Baltimore City,Incident Closed-Managed,,2024-04-14
1316,242640,"['Air', 'Odor']",2024-05-07,2024-05-07,Talbot,Incident Closed-Managed,21673,2024-05-07
1317,242639,['Asbestos Complaint'],2024-05-10,2024-05-10,Allegany,Referred to ARA,21502,2024-05-10
1318,242638,['Water Pollutant Release'],2024-05-08,2024-05-08,Washington,Referred to WMA,,2024-05-08
1319,242635,['Fugitive Dust/Particulate Matter'],2024-04-11,2024-04-11,Baltimore City,Incident Closed-Managed,,2024-04-11
1320,242634,['Odor'],2024-04-11,2024-04-11,Baltimore City,Incident Closed-Managed,,2024-04-11
1321,242633,['Fugitive Dust/Particulate Matter'],2024-05-07,2024-05-07,Talbot,Incident Closed-No Violation Observed,21673,2024-05-07
1322,242633,['Fugitive Dust/Particulate Matter'],2024-05-07,2024-05-07,Talbot,Incident Closed-No Violation Observed,,2024-05-07
1323,242629,['Air'],2024-05-07,2024-05-07,Anne Arundel,Incident Closed-No Violation Observed,,2024-05-07
1324,242626,['Odor'],2024-05-07,2024-05-07,Montgomery,Referred to WMA,20874,2024-05-07
1325,242622,['Odor'],2024-04-10,2024-04-10,Baltimore City,Incident Closed-Managed,,2024-04-10
1326,242621,['Odor'],2024-04-08,2024-04-08,Baltimore City,Incident Closed-Managed,,2024-04-08
1327,242620,['Smoke'],2024-04-04,2024-04-04,Baltimore City,Incident Closed-Managed,,2024-04-04
1328,242602,"['Air', 'Odor', 'Open Burning']",2024-05-01,2024-05-01,Cecil,Referred to Outside Agency,21901,2024-05-01
1329,242600,"['Air', 'Odor']",2024-05-03,2024-05-03,Cecil,Referred to LMA,21911,2024-05-03
1330,242595,['Possible Permit Violation'],2024-04-23,2024-04-23,Washington,Incident Closed - No further action,21783,2024-04-23
1331,242585,['Smoke'],2024-04-23,2024-04-23,Allegany,Incident Closed-No Violation Observed,21540-109,2024-04-23
1332,242580,['Other'],2024-05-01,2024-05-01,Prince George's,Incident Closed-Managed,,2024-05-01
1333,242579,['Other'],2024-04-29,,Prince George's,Incident Closed-Managed,,
1334,242578,['Other'],2024-04-25,2024-05-25,Howard,Incident Closed-Managed,,2024-05-25
1335,242556,['Air'],2024-04-26,2024-04-26,Anne Arundel,Incident Closed-No Violation Observed,21122,2024-04-26
1336,242555,['Air'],2024-04-29,2024-04-29,Charles,Incident Closed - No further action,20695,2024-04-29
1337,242550,['Air'],2024-04-26,2024-04-26,Anne Arundel,Incident Closed-No Violation Observed,21037,2024-04-26
1338,242549,['Air'],2024-04-24,2024-04-24,Anne Arundel,Incident Closed-No Violation Observed,21122,2024-04-24
1339,242546,['Air'],2024-04-24,2024-04-24,Anne Arundel,Incident Closed-No Violation Observed,21060,2024-04-24
1340,242545,['Odor'],2024-04-24,2024-04-23,Worcester,Incident Closed-No Violation Observed,21811,2024-04-23
1341,242544,['Air'],2024-04-23,2024-04-23,Frederick,Incident Closed-No Violation Observed,21788,2024-04-23
1342,242543,['Air'],2024-04-19,2024-04-19,Frederick,Incident Closed-No Violation Observed,21788,2024-04-19
1343,242542,['Odor'],2024-04-23,2024-04-23,Dorchester,Incident Closed - No further action,21835,2024-04-23
1344,242533,['Air'],2024-04-19,2024-04-19,Anne Arundel,Incident Closed-No Violation Observed,21060,2024-04-19
1345,242532,['Other'],2024-04-16,2024-04-16,Prince George's,Incident Closed-Managed,,2024-04-16
1346,242530,['Other'],2024-04-16,2024-04-16,Prince George's,Incident Closed-Managed,,2024-04-16
1347,242524,"['Air', 'Open Burning', 'Smoke']",2024-04-15,2024-04-15,Cecil,Referred to LMA,21921,2024-04-15
1348,242508,['Air'],2024-04-13,2024-04-13,Anne Arundel,Incident Closed-Managed,21403,2024-04-13
1349,242507,['Air'],2024-04-15,2024-04-15,Frederick,Referred to Attorney General's Office,21757,2024-04-15
1350,242507,['Air'],2024-04-15,2024-04-15,Frederick,Referred to Attorney General's Office,21757,2024-04-15
1351,242506,['Air'],2024-04-15,2024-04-15,Frederick,Referred to Attorney General's Office,21757,2024-04-15
1352,242506,['Air'],2024-04-15,2024-04-15,Frederick,Referred to Attorney General's Office,21757,2024-04-15
1353,242504,['Other'],2024-04-12,2024-04-11,Prince George's,Incident Closed-Managed,,2024-04-11
1354,242503,['Other'],2024-04-11,2024-04-11,Prince George's,Incident Closed-Managed,,2024-04-11
1355,242502,['Other'],2024-04-11,2024-04-11,Prince George's,Incident Closed-Managed,,2024-04-11
1356,242500,['Other'],2024-04-11,2024-04-11,Prince George's,Incident Closed-Managed,,2024-04-11
1357,242499,['Other'],2024-04-11,2024-04-11,Prince George's,Incident Closed-Managed,,2024-04-11
1358,242498,['Other'],2024-04-08,2024-04-08,Prince George's,Incident Closed-Managed,,2024-04-08
1359,242497,['Other'],2024-04-08,2024-04-08,Prince George's,Incident Closed-Managed,20743,2024-04-08
1360,242496,['Other'],2024-04-08,2024-04-08,Prince George's,Incident Closed-Managed,20743,2024-04-08
1361,242495,['Other'],2024-04-08,2024-04-08,Prince George's,Incident Closed-Managed,20743,2024-04-08
1362,242494,['Other'],2024-04-08,2024-04-08,Prince George's,Incident Closed-Managed,20743,2024-04-08
1363,242493,['Other'],2024-04-08,2024-04-08,Prince George's,Incident Closed-Managed,20743,2024-04-08
1364,242492,['Other'],2024-04-08,2024-04-08,Prince George's,Incident Closed-Managed,20743,2024-04-08
1365,242491,['Other'],2024-04-08,2024-04-08,Prince George's,Incident Closed-Managed,20743,2024-04-08
1366,242490,['Other'],2024-04-08,2024-04-08,Prince George's,Incident Closed-Managed,20743,2024-04-08
1367,242489,['Other'],2024-04-08,2024-04-08,Prince George's,Incident Closed-Managed,20743,2024-04-08
1368,242488,['Other'],2024-04-08,2024-04-08,Prince George's,Incident Closed-Managed,20743,2024-04-08
1369,242487,['Other'],2024-04-08,2024-04-08,Prince George's,Incident Closed-Managed,20743,2024-04-08
1370,242486,['Other'],2024-04-08,2024-04-08,Prince George's,Incident Closed-Managed,20743,2024-04-08
1371,242484,['Fugitive Dust/Particulate Matter'],2024-04-11,2024-04-11,Worcester,Incident Closed-Managed,21851,2024-04-11
1372,242483,['Air'],2024-04-11,2024-04-11,Frederick,Referred to Attorney General's Office,21757,2024-04-11
1373,242482,['Air'],2024-04-10,2024-04-10,Charles,Referred to Outside Agency,20622,2024-04-10
1374,242479,['Air'],2024-03-28,2024-03-28,Baltimore,Incident Closed-Managed,21227,2024-03-28
1375,242478,['Air'],2024-04-10,2024-04-10,Baltimore,Incident Closed-Managed,21227,2024-04-10
1376,242477,['Air'],2024-04-03,2024-04-03,Baltimore,Incident Closed-Managed,21227,2024-04-03
1377,242476,['Odor'],2024-04-08,2024-04-09,Harford,Incident Closed-Managed,21040,2024-04-09
1378,242463,['Air'],2024-03-30,2024-03-30,Anne Arundel,Incident Closed - No further action,21146,2024-03-30
1379,242461,['Air'],2024-04-03,2024-04-03,Anne Arundel,Incident Closed-Managed,20711,2024-04-03
1380,242460,['Air'],2024-04-01,2024-04-01,Anne Arundel,Incident Closed-No Violation Observed,,2024-04-01
1381,242459,['Air'],2024-04-08,2024-04-01,Frederick,Referred to Attorney General's Office,21757,2024-04-01
1382,242458,['Air'],2024-04-04,2024-04-04,Anne Arundel,Incident Closed-No Violation Observed,21060,2024-04-04
1383,242456,['Suspected Operation without Permit'],2024-03-28,2024-03-28,Washington,Referred to Outside Agency,21783,2024-03-28
1384,242455,['Open Burning'],2024-03-26,2024-03-26,Allegany,Referred to Outside Agency,21502,2024-03-26
1385,242454,['Open Burning'],2024-03-25,2024-03-25,Garrett,Referred to Outside Agency,,2024-03-25
1386,242436,['Odor'],2024-04-01,2024-04-01,Baltimore,Incident Closed-Managed,,2024-04-01
1387,242435,['Odor'],2024-03-30,2024-03-30,Baltimore,Incident Closed-Managed,,2024-03-30
1388,242434,['Fugitive Dust/Particulate Matter'],2024-03-28,2024-03-28,Baltimore,Incident Closed-Managed,,2024-03-28
1389,242433,['Odor'],2024-03-27,2024-03-27,Baltimore City,Incident Closed-Managed,,2024-03-27
1390,242432,['Odor'],2024-03-25,2024-03-25,Baltimore City,Incident Closed-Managed,,2024-03-25
1391,242428,['Other'],2024-03-30,2024-03-30,Prince George's,Incident Closed-Managed,,2024-03-30
1392,242424,"['Air', 'Fugitive Dust/Particulate Matter']",2024-03-29,2024-03-29,Montgomery,Referred to Outside Agency,20817,2024-03-29
1393,242405,['Other'],2024-03-25,2024-03-25,Prince George's,Incident Closed-Managed,,2024-03-25
1394,242404,['Other'],2024-03-25,2024-03-25,Prince George's,Incident Closed-Managed,,2024-03-25
1395,242392,['Air'],2024-03-21,2024-03-21,Frederick,Under Investigation,21703,2024-03-21
1396,242390,['Smoke'],2024-03-18,2024-03-18,Baltimore City,Incident Closed-Managed,,2024-03-18
1397,242389,['Fugitive Dust/Particulate Matter'],2024-02-23,2024-02-23,Baltimore,Incident Closed-Managed,,2024-02-23
1398,242388,['Odor'],2024-02-23,2024-02-23,Baltimore City,Incident Closed-Managed,,2024-02-23
1399,242386,['Odor'],2024-03-14,2024-03-14,Baltimore City,Incident Closed-Managed,,2024-03-14
1400,242385,['Odor'],2024-03-04,2024-03-04,Baltimore City,Incident Closed-Managed,,2024-03-04
1401,242384,['Odor'],2024-03-09,2024-03-09,Baltimore City,Incident Closed-Managed,,2024-03-09
1402,242383,['Odor'],2024-03-08,2024-03-08,Baltimore City,Incident Closed-Managed,,2024-03-08
1403,242382,['Odor'],2024-03-05,2024-03-05,Baltimore City,Incident Closed-Managed,,2024-03-05
1404,242381,['Odor'],2024-03-04,2024-03-04,Baltimore City,Incident Closed-Managed,,2024-03-04
1405,242380,['Odor'],2024-03-01,2024-03-01,Baltimore City,Incident Closed-Managed,,2024-03-01
1406,242379,['Odor'],2024-02-29,2024-02-29,Baltimore City,Incident Closed-Managed,,2024-02-29
1407,242378,['Fugitive Dust/Particulate Matter'],2024-02-28,2024-02-28,Baltimore City,Incident Closed-Managed,,2024-02-28
1408,232384,['Odor'],2024-02-28,2024-02-28,Baltimore City,Incident Closed-Managed,,2024-02-28
1409,232383,['Fugitive Dust/Particulate Matter'],2024-02-28,2024-02-28,Baltimore City,Incident Closed-Managed,,2024-02-28
1410,232382,['Odor'],2024-02-22,2024-02-22,Baltimore City,Incident Closed-Managed,,2024-02-22
1411,232374,['Air'],2024-03-21,2024-03-21,Charles,Under Investigation,20637,2024-03-21
1412,232372,['Odor'],2024-02-16,2024-02-16,Baltimore City,Incident Closed-Managed,,2024-02-16
1413,232371,['Odor'],2024-02-12,2024-02-12,Baltimore City,Incident Closed-Managed,,2024-02-12
1414,232369,['Air'],2024-03-19,2024-03-19,Anne Arundel,Incident Closed-No Violation Observed,21401,2024-03-19
1415,232365,"['Air', 'Open Burning', 'Smoke']",2024-03-19,2024-03-19,Carroll,Referred to Outside Agency,21776,2024-03-19
1416,232364,"['Air', 'Fumes', 'Odor', 'Smoke']",2024-03-14,2024-03-14,Cecil,Referred to Outside Agency,,2024-03-14
1417,232363,"['Air', 'Smoke', 'Vapor Release']",2024-03-19,2024-03-14,Montgomery,Incident Closed-Managed,20850,2024-03-14
1418,232361,['Air'],2024-03-17,2024-03-17,Anne Arundel,Incident Closed-Managed,,2024-03-17
1419,232360,['Air'],2024-03-17,2024-03-17,Anne Arundel,Under Investigation,,2024-03-17
1420,232359,"['Air', 'Fumes', 'Smoke']",2024-03-14,2024-03-14,Montgomery,Incident Closed-Managed,20850,2024-03-14
1421,232358,"['Air', 'Fumes', 'Smoke']",2024-03-14,2024-03-14,Montgomery,Incident Closed-Managed,20850,2024-03-14
1422,232354,['Other'],2024-03-16,2024-03-16,Prince George's,Incident Closed-Managed,,2024-03-16
1423,232353,['Other'],2024-03-16,2024-03-16,Prince George's,Incident Closed-Managed,,2024-03-16
1424,232351,['Other'],2024-03-13,2024-03-13,Prince George's,Incident Closed-Managed,,2024-03-13
1425,232342,['Air'],2024-03-14,2024-03-14,Frederick,Referred to Attorney General's Office,21757,2024-03-14
1426,232341,"['Air', 'Fumes', 'Odor']",2024-03-13,2024-03-13,Cecil,Referred to Outside Agency,21911,2024-03-13
1427,232340,"['Air', 'Open Burning', 'Smoke']",2024-03-13,2024-03-13,Cecil,Referred to Outside Agency,21921,2024-03-13
1428,232338,['Air'],2024-03-13,2024-03-13,Frederick,Referred to Attorney General's Office,21757,2024-03-13
1429,232338,['Air'],2024-03-13,2024-03-13,Frederick,Referred to Attorney General's Office,21757,2024-03-13
1430,232331,"['Air', 'Other']",2024-03-12,2024-03-12,Montgomery,Incident Closed-Managed,20879,2024-03-12
1431,232330,"['Air', 'Air Pollutant Release']",2024-03-13,2024-03-13,Carroll,Incident Closed-Managed,,2024-03-13
1432,232326,['Smoke'],2024-03-06,2023-12-10,Allegany,Incident Closed-No Violation Observed,21502,2023-12-10
1433,232325,['Air'],2024-03-12,2024-03-12,Frederick,Referred to Attorney General's Office,21757,2024-03-12
1434,232325,['Air'],2024-03-12,2024-03-12,Frederick,Referred to Attorney General's Office,21757,2024-03-12
1435,232324,['Air'],2024-03-11,2024-03-11,Frederick,Referred to Attorney General's Office,21757,2024-03-11
1436,232324,['Air'],2024-03-11,2024-03-11,Frederick,Referred to Attorney General's Office,21757,2024-03-11
1437,232323,['Air'],2024-03-11,2024-03-11,Anne Arundel,Incident Closed-Managed,21060,2024-03-11
1438,232322,['Air'],2024-03-11,2024-03-11,Anne Arundel,Incident Closed-Managed,21060,2024-03-11
1439,232321,['Air'],2024-03-11,2024-03-11,Anne Arundel,Incident Closed-Managed,21060,2024-03-11
1440,232320,['Air'],2024-03-08,2024-03-08,Anne Arundel,Incident Closed-Managed,21060,2024-03-08
1441,232319,['Air'],2024-03-08,2024-03-08,Anne Arundel,Incident Closed-Managed,21226,2024-03-08
1442,232316,['Air'],2024-03-08,2024-03-08,Anne Arundel,Incident Closed-Managed,21060,2024-03-08
1443,232315,['Air'],2024-03-08,2024-03-08,Anne Arundel,Incident Closed-No Violation Observed,21226,2024-03-08
1444,232314,['Air'],2024-03-07,2024-03-07,Anne Arundel,Incident Closed-Managed,21060,2024-03-07
1445,232313,['Air'],2024-03-07,2024-03-07,Anne Arundel,Incident Closed-Managed,21060,2024-03-07
1446,232312,['Air'],2024-03-07,2024-03-07,Anne Arundel,Incident Closed-Managed,21060,2024-03-07
1447,232311,['Air'],2024-03-07,2024-03-07,Anne Arundel,Incident Closed-Managed,21060,2024-03-07
1448,232309,['Air'],2024-03-07,2024-03-07,Anne Arundel,Incident Closed-Managed,21060,2024-03-07
1449,232308,['Air'],2024-03-07,2024-03-07,Anne Arundel,Incident Closed-Managed,21060,2024-03-07
1450,232307,['Air'],2024-03-07,2024-03-07,Anne Arundel,Incident Closed-Managed,21060,2024-03-07
1451,232306,['Air'],2024-03-07,2024-03-07,Anne Arundel,Incident Closed-Managed,21060,2024-03-07
1452,232305,['Air'],2024-03-07,2024-03-07,Anne Arundel,Incident Closed-Managed,21060,2024-03-07
1453,232304,['Air'],2024-03-07,2024-03-07,Anne Arundel,Incident Closed-Managed,21060,2024-03-07
1454,232303,['Air'],2024-03-07,2024-03-07,Anne Arundel,Incident Closed-Managed,21060,2024-03-07
1455,232302,['Air'],2024-03-07,2024-03-07,Anne Arundel,Incident Closed-Managed,21060,2024-03-07
1456,232301,['Air'],2024-03-07,2024-03-07,Anne Arundel,Incident Closed-Managed,21060,2024-03-07
1457,232300,['Air'],2024-03-07,2024-03-07,Anne Arundel,Incident Closed-Managed,21226,2024-03-07
1458,232299,['Air'],2024-03-07,2024-03-07,Anne Arundel,Incident Closed-Managed,21060,2024-03-07
1459,232298,['Air'],2024-03-07,2024-03-07,Anne Arundel,Incident Closed-Managed,21060,2024-03-07
1460,232296,['Air'],2024-03-07,2024-03-07,Anne Arundel,Incident Closed-Managed,21060,2024-03-07
1461,232295,['Air'],2024-03-07,2024-03-07,Anne Arundel,Incident Closed-Managed,21060,2024-03-07
1462,232291,['Air'],2024-03-07,2024-03-07,Anne Arundel,Incident Closed-Managed,21226,2024-03-07
1463,232290,['Air'],2024-03-07,2024-03-07,Anne Arundel,Incident Closed-Managed,21226,2024-03-07
1464,232289,['Air'],2024-03-07,2024-03-07,Anne Arundel,Incident Closed-Managed,21226,2024-03-07
1465,232288,['Air'],2024-03-07,2024-03-07,Anne Arundel,Incident Closed-Managed,21060,2024-03-07
1466,232287,['Air'],2024-03-07,2024-03-07,Anne Arundel,Incident Closed-Managed,21060,2024-03-07
1467,232286,['Air'],2024-03-06,2024-03-06,Anne Arundel,Incident Closed-Managed,,2024-03-06
1468,232285,['Air'],2024-03-06,2024-03-06,Anne Arundel,Incident Closed-Managed,,2024-03-06
1469,232284,['Air'],2024-03-06,2024-03-06,Anne Arundel,Incident Closed-Managed,,2024-03-06
1470,232281,['Air'],2024-03-08,2024-03-08,Anne Arundel,Incident Closed-No Violation Observed,21122,2024-03-08
1471,232280,['Air'],2024-03-08,2024-03-08,Frederick,Incident Closed-No Violation Observed,21701,2024-03-08
1472,232279,['Air'],2024-03-07,2024-03-07,Anne Arundel,Incident Closed-No Violation Observed,21061,2024-03-07
1473,232278,['Air'],2024-03-07,2024-03-07,Anne Arundel,Incident Closed-No Violation Observed,,2024-03-07
1474,232273,['Open Burning'],2024-03-11,2024-03-08,Caroline,Incident Closed-No Violation Observed,21629,2024-03-08
1475,232264,['Other'],2024-03-06,2024-03-06,Prince George's,Incident Closed-Managed,,2024-03-06
1476,232263,['Other'],2024-03-06,2024-03-06,Prince George's,Incident Closed-Managed,,2024-03-06
1477,232262,['Other'],2024-03-06,2024-03-06,Prince George's,Incident Closed-Managed,,2024-03-06
1478,232261,['Other'],2024-03-06,2024-03-06,Prince George's,Incident Closed-Managed,,2024-03-06
1479,232260,['Other'],2024-03-06,2024-03-06,Prince George's,Incident Closed-Managed,,2024-03-06
1480,232259,['Other'],2024-03-06,2024-03-06,Prince George's,Incident Closed-Managed,,2024-03-06
1481,232258,['Other'],2024-03-06,2024-03-06,Prince George's,Incident Closed-Managed,,2024-03-06
1482,232257,['Other'],2024-03-06,2024-03-06,Prince George's,Incident Closed-Managed,,2024-03-06
1483,232253,['Air'],2024-03-07,2024-03-07,Anne Arundel,Incident Closed-Managed,21226,2024-03-07
1484,232252,['Air'],2024-03-06,2024-03-06,Anne Arundel,Incident Closed - No further action,21061,2024-03-06
1485,232250,['Air'],2024-03-06,2024-03-06,Anne Arundel,Incident Closed-No Violation Observed,21061,2024-03-06
1486,232240,['Open Burning'],2024-03-04,2024-03-03,Wicomico,Incident Closed-No Violation Observed,21804,2024-03-03
1487,232216,['Odor'],2024-03-01,2024-03-01,Dorchester,Incident Closed - No further action,21835,2024-03-01
1488,232215,['Odor'],2024-03-01,2024-03-01,Dorchester,Incident Closed - No further action,21835,2024-03-01
1489,232214,['Odor'],2024-02-26,2024-02-26,Dorchester,Incident Closed - No further action,21835,2024-02-26
1490,232205,"['Air', 'Smoke']",2024-02-29,2024-02-29,Carroll,Referred to Outside Agency,,2024-02-29
1491,232204,['Other'],2024-02-28,2024-02-28,Prince George's,Incident Closed-Managed,,2024-02-28
1492,232203,['Air'],2024-03-01,2024-03-01,Anne Arundel,Incident Closed-No Violation Observed,21090,2024-03-01
1493,232193,['Other'],2024-02-27,2024-02-27,Prince George's,Incident Closed-Managed,20735,2024-02-27
1494,232191,['Air'],2024-02-28,2024-02-28,Frederick,Referred to Attorney General's Office,21757,2024-02-28
1495,232191,['Air'],2024-02-28,2024-02-28,Frederick,Referred to Attorney General's Office,21757,2024-02-28
1496,232190,['Air'],2024-02-28,2024-02-28,Charles,Clean-up In Progress,,2024-02-28
1497,232188,['Smoke'],2024-02-27,2024-02-26,,Referred to Attorney General's Office,21226,2024-02-26
1498,232187,['Air'],2024-02-27,2024-02-27,Anne Arundel,Incident Closed-No Violation Observed,21403,2024-02-27
1499,232186,['Odor'],2024-02-26,2024-02-26,Anne Arundel,Incident Closed - No further action,21226,2024-02-26
1500,232176,['Air'],2024-02-26,2024-02-26,Anne Arundel,Incident Closed-Managed,21060,2024-02-26
1501,232175,['Air'],2024-02-23,2024-02-23,Anne Arundel,Incident Closed-No Violation Observed,,2024-02-23
1502,232169,['Air'],2024-02-22,2024-02-22,Anne Arundel,Incident Closed-No Violation Observed,21122,2024-02-22
1503,222175,"['Air', 'Other']",2024-02-20,2024-02-20,Montgomery,Referred to Outside Agency,20788,2024-02-20
1504,222174,['Smoke'],2024-02-22,2024-02-21,,Referred to Attorney General's Office,21226,2024-02-21
1505,222158,['Fugitive Dust/Particulate Matter'],2024-02-20,2024-02-20,Worcester,Referred to Outside Agency,21842,2024-02-20
1506,222156,['Air'],2024-02-15,2024-02-15,Baltimore,Incident Closed-No Violation Observed,21223,2024-02-15
1507,222155,['Air'],2024-02-14,2024-02-14,Frederick,Referred to Attorney General's Office,21757,2024-02-14
1508,222150,"['Air', 'Open Burning']",2024-02-16,2024-02-09,Cecil,Referred to LMA,21921,2024-02-09
1509,222149,['Fugitive Dust/Particulate Matter'],2024-02-15,2024-02-15,Allegany,Incident Closed-Managed,21532,2024-02-15
1510,222148,['Odor'],2024-02-09,2024-02-09,Baltimore City,Incident Closed-Managed,,2024-02-09
1511,222147,['Odor'],2024-02-09,2024-02-09,Baltimore City,Incident Closed-Managed,,2024-02-09
1512,222146,['Odor'],2024-02-08,2024-02-08,Baltimore City,Incident Closed-Managed,,2024-02-08
1513,222145,['Odor'],2024-02-07,2024-02-07,Baltimore City,Incident Closed-Managed,,2024-02-07
1514,222144,['Odor'],2024-02-06,2024-02-06,Baltimore City,Incident Closed-Managed,,2024-02-06
1515,222143,['Smoke'],2024-02-02,2024-02-02,Baltimore City,Incident Closed-Managed,,2024-02-02
1516,222142,['Odor'],2024-02-05,2024-02-05,Baltimore,Incident Closed-Managed,,2024-02-05
1517,222141,['Odor'],2024-02-05,2024-02-05,Baltimore City,Incident Closed-Managed,,2024-02-05
1518,222140,['Odor'],2024-02-02,2024-02-02,Baltimore,Incident Closed-Managed,,2024-02-02
1519,222139,['Fugitive Dust/Particulate Matter'],2024-02-05,2024-02-03,Worcester,Incident Closed-Restored,21851,2024-02-03
1520,222138,"['Air', 'Open Burning']",2024-02-07,2024-02-07,Cecil,Referred to LMA,21921,2024-02-07
1521,222122,['Air'],2024-02-14,2024-02-14,Charles,Incident Closed-Managed,20601,2024-02-14
1522,222121,['Smoke'],2024-02-06,2024-02-06,,Referred to Attorney General's Office,21226,2024-02-06
1523,222116,['Odor'],2024-02-13,2024-02-08,Baltimore City,Incident Closed-Managed,21226,2024-02-08
1524,222114,['Fugitive Dust/Particulate Matter'],2024-02-12,2024-02-12,Allegany,Incident Closed - No further action,21532,2024-02-12
1525,222112,"['Air', 'Fumes']",2024-02-09,2023-12-22,Cecil,Referred to Outside Agency,21901,2023-12-22
1526,222111,['Other'],2024-02-03,2024-02-03,Prince George's,Incident Closed-Managed,20785,2024-02-03
1527,222110,['Other'],2024-02-10,2024-02-10,Prince George's,Incident Closed-Managed,,2024-02-10
1528,222109,['Other'],2024-02-09,2024-02-09,Prince George's,Incident Closed-Managed,,2024-02-09
1529,222108,['Air'],2024-02-09,2024-02-09,Anne Arundel,Incident Closed-No Violation Observed,21090,2024-02-09
1530,222107,['Air'],2024-02-09,2024-02-09,Anne Arundel,Incident Closed-No Violation Observed,21090,2024-02-09
1531,222106,['Odor'],2024-02-09,2023-12-26,Talbot,Referred to WMA,21652,2023-12-26
1532,222096,['Air'],2024-02-06,2024-02-06,Anne Arundel,Incident Closed-No Violation Observed,21113,2024-02-06
1533,222094,['Odor'],2024-01-27,2024-01-27,Baltimore City,Incident Closed-Managed,,2024-01-27
1534,222093,['Odor'],2024-02-26,2024-01-26,Baltimore City,Incident Closed-Managed,,2024-01-26
1535,222092,['Odor'],2024-01-26,2024-01-26,Baltimore City,Incident Closed-Managed,,2024-01-26
1536,222091,['Smoke'],2024-01-26,2024-01-26,Baltimore City,Incident Closed-Managed,,2024-01-26
1537,222090,['Odor'],2024-01-25,2024-01-25,Baltimore City,Incident Closed-Managed,,2024-01-25
1538,222089,['Odor'],2024-01-23,2024-01-23,Baltimore City,Incident Closed-Managed,,2024-01-23
1539,222088,['Odor'],2024-01-19,2024-01-19,Baltimore City,Incident Closed-Managed,,2024-01-19
1540,222087,['Odor'],2024-01-16,2024-01-16,Baltimore City,Incident Closed-Managed,,2024-01-16
1541,222086,['Odor'],2024-01-11,2024-01-11,Baltimore City,Incident Closed-Managed,,2024-01-11
1542,222085,['Smoke'],2024-02-06,2024-02-06,,Referred to Attorney General's Office,21226,2024-02-06
1543,222084,['Smoke'],2024-01-26,2024-01-26,,Referred to Attorney General's Office,21226,2024-01-26
1544,222071,"['Air', 'Odor', 'Smoke']",2024-02-01,2024-02-01,Cecil,Referred to Outside Agency,21903,2024-02-01
1545,222070,"['Air', 'Odor', 'Smoke']",2024-01-30,2024-01-30,Montgomery,Incident Closed-Managed,20852,2024-01-30
1547,222067,['Other'],2024-02-01,2024-02-01,Prince George's,Incident Closed-Managed,,2024-02-01
1548,222055,['Air'],2024-02-01,2024-02-01,Frederick,Referred to Attorney General's Office,21757,2024-02-01
1549,222054,['Air'],2024-02-01,2024-02-01,Frederick,Incident Closed - No further action,21701,2024-02-01
1550,222053,['Other'],2024-01-31,2024-01-31,Prince George's,Incident Closed-Managed,,2024-01-31
1551,222052,['Other'],2024-01-31,2024-01-31,Howard,Incident Closed-Managed,,2024-01-31
1552,222051,['Air'],2024-02-01,2024-02-01,Anne Arundel,Incident Closed-Managed,21122,2024-02-01
1553,222044,['Odor'],2024-01-25,2024-01-25,Anne Arundel,Incident Closed - No further action,21226,2024-01-25
1554,222043,['Odor'],2024-01-25,2024-01-25,Anne Arundel,Incident Closed - No further action,21226,2024-01-25
1555,222036,['Other'],2024-01-30,2024-01-30,Prince George's,Incident Closed-Managed,,2024-01-30
1556,222032,['Other'],2024-01-25,2024-01-25,Prince George's,Incident Closed-Managed,,2024-01-25
1557,222027,['Fugitive Dust/Particulate Matter'],2024-01-26,,Baltimore,Incident Closed-Managed,21227,
1558,222026,['Air'],2024-01-29,2024-01-29,Anne Arundel,Incident Closed-Managed,21054,2024-01-29
1559,222022,['Air'],2024-01-26,2024-01-26,Anne Arundel,Incident Closed-No Violation Observed,21061,2024-01-26
1560,222019,['Air'],2024-01-25,2024-01-25,Anne Arundel,Incident Closed-Managed,21060,2024-01-25
1561,222016,['Fugitive Dust/Particulate Matter'],2024-01-24,,Baltimore,Incident Closed-Managed,21227,
1562,222015,['Fugitive Dust/Particulate Matter'],2024-01-24,,Baltimore,Incident Closed-Managed,21227,
1563,222014,['Air'],2024-01-25,2024-01-25,Anne Arundel,Under Investigation,,2024-01-25
1564,222012,['Air'],2024-01-24,2024-01-24,Anne Arundel,Incident Closed-Managed,,2024-01-24
1565,222010,['Smoke'],2024-01-03,2024-01-03,,Incident Closed-Managed,21230,2024-01-03
1566,222009,['Smoke'],2024-01-24,2024-01-24,,Referred to Attorney General's Office,21226,2024-01-24
1567,222008,"['Odor', 'Smoke']",2024-01-16,2024-01-13,,Referred to Attorney General's Office,21226,2024-01-13
1568,222007,['Smoke'],2024-01-05,2024-01-05,,Referred to Attorney General's Office,21226,2024-01-05
1569,222005,['Fugitive Dust/Particulate Matter'],2024-01-17,,Baltimore,Incident Closed-Managed,21227,
1570,222004,['Fumes'],2024-01-18,,Baltimore,Incident Closed-Managed,21228,
1571,222002,['Air'],2024-01-23,2024-01-23,Frederick,Incident Closed-No Violation Observed,21703,2024-01-23
1572,221998,['Air'],2024-01-12,2024-01-12,Montgomery,Incident Closed - No further action,20904,2024-01-12
1573,221996,['Other'],2024-01-18,2024-01-18,Prince George's,Incident Closed-Managed,20747,2024-01-18
1574,211996,"['Air', 'Odor']",2024-01-17,2024-01-17,Cecil,Referred to LMA,21911,2024-01-17
1575,211992,['Other'],2024-01-17,2024-01-17,Prince George's,Incident Closed-Managed,,2024-01-17
1576,211985,['Other'],2024-01-11,2024-01-11,Caroline,Referred to Outside Agency,21660,2024-01-11
1577,211984,['Other'],2024-01-10,2024-01-10,Caroline,Referred to WMA,21660,2024-01-10
1578,211983,['Odor'],2024-01-08,2024-01-08,Baltimore City,Incident Closed - No further action,,2024-01-08
1579,211973,['Other'],2024-01-11,2024-01-11,Prince George's,Incident Closed-Managed,,2024-01-11
1580,211968,['Other'],2024-01-04,2024-01-04,Washington,Incident Closed - No further action,,2024-01-04
1581,211967,['Smoke'],2023-12-27,2023-12-27,Allegany,Incident Closed - No further action,21502,2023-12-27
1582,211964,"['Air', 'Odor']",2024-01-02,2024-01-02,Cecil,Incident Closed - No further action,,2024-01-02
1583,211963,['Open Burning'],2024-01-03,2024-01-03,Wicomico,Incident Closed-No Violation Observed,21804,2024-01-03
1584,211961,['Odor'],2024-01-06,,Baltimore,Incident Closed-Managed,,
1585,211960,['Air'],2024-01-09,2024-01-08,Frederick,Referred to Attorney General's Office,21757,2024-01-08
1586,211959,['Air'],2024-01-05,2024-01-05,Anne Arundel,Incident Closed-No Violation Observed,,2024-01-05
1587,211956,['Other'],2024-01-05,2024-01-05,Prince George's,Incident Closed-Managed,,2024-01-05
1588,211955,['Other'],2024-01-03,2024-01-03,Prince George's,Incident Closed-Managed,,2024-01-03
1589,211949,['Odor'],2024-01-03,,Baltimore,Incident Not Applicable to MDE,,
1590,211948,['Odor'],2024-01-03,,Baltimore,Incident Closed-Managed,,
1591,211947,['Fumes'],2024-01-03,,Baltimore,Incident Closed - No further action,21222,
1592,211938,['Other'],2023-12-22,2023-12-22,Howard,Incident Closed-Managed,,2023-12-22
1593,211934,['Air'],2024-01-02,2024-01-02,Anne Arundel,Incident Closed-No Violation Observed,21061,2024-01-02
1594,211932,['Air'],2023-12-27,2023-12-27,Anne Arundel,Incident Closed-Managed,,2023-12-27
1595,211930,['Odor'],2023-12-27,,Baltimore,Incident Closed-Managed,,
1596,211926,['Air'],2023-12-22,2023-12-22,Frederick,Incident Closed-No Violation Observed,21788,2023-12-22
1597,211907,['Air'],2023-12-21,2023-12-21,Anne Arundel,Incident Closed-No Violation Observed,21403,2023-12-21
1598,201907,['Air'],2023-12-20,2023-12-20,Queen Anne's,Incident Closed-Managed,21638,2023-12-20
1599,201905,['Fugitive Dust/Particulate Matter'],2023-12-20,2023-12-20,Allegany,Incident Closed-Managed,21536,2023-12-20
1600,201904,['Air'],2023-12-15,2023-12-15,Anne Arundel,Incident Closed-No Violation Observed,21054,2023-12-15
1601,201899,['Other'],2023-12-18,2023-12-18,Prince George's,Incident Closed-Managed,,2023-12-18
1602,201898,['Other'],2023-12-19,,Baltimore,Incident Closed - No further action,,
1603,201894,['Odor'],2023-12-18,,Harford,Incident Closed-Managed,21001,
1604,201889,['Fumes'],2023-12-13,,Baltimore,Referred to Outside Agency,,
1605,201885,['Other'],2023-12-15,2023-12-15,Prince George's,Incident Closed-Managed,,2023-12-15
1606,201883,['Other'],2023-12-14,2023-12-14,Howard,Incident Closed-Managed,,2023-12-14
1607,201873,['Odor'],2023-12-10,2023-12-10,Baltimore City,Incident Closed-Managed,,2023-12-10
1608,201872,['Odor'],2023-12-08,2023-12-08,Baltimore City,Incident Closed-Managed,,2023-12-08
1609,201871,['Smoke'],2023-12-07,2023-12-07,Baltimore City,Incident Closed-Managed,,2023-12-07
1610,201869,['Air'],2023-12-08,2023-12-08,Anne Arundel,Referred to WMA,21403,2023-12-08
1611,201868,"['Air', 'Odor']",2023-12-13,2023-12-13,Cecil,Referred to LMA,21911,2023-12-13
1612,201867,"['Air', 'Odor']",2023-12-12,2023-12-12,Cecil,Referred to LMA,21911,2023-12-12
1613,201866,['Air'],2023-12-11,2023-12-11,Frederick,Referred to Attorney General's Office,21757,2023-12-11
1614,201866,['Air'],2023-12-11,2023-12-11,Frederick,Referred to Attorney General's Office,21757,2023-12-11
1615,201865,['Other'],2023-12-11,2023-12-11,Prince George's,Incident Closed-Managed,,2023-12-11
1616,201864,['Other'],2023-12-11,2023-12-11,Prince George's,Incident Closed-Managed,,2023-12-11
1617,201863,['Other'],2023-12-11,2023-12-11,Prince George's,Incident Closed-Managed,,2023-12-11
1618,201862,['Other'],2023-12-11,2023-12-11,Prince George's,Incident Closed-Managed,,2023-12-11
1619,201861,['Other'],2023-12-11,2023-12-11,Prince George's,Incident Closed-Managed,,2023-12-11
1620,201860,['Other'],2023-12-11,2023-12-11,Prince George's,Incident Closed-Managed,,2023-12-11
1621,201859,['Other'],2023-12-11,2023-12-11,Prince George's,Incident Closed-Managed,,2023-12-11
1622,201858,['Other'],2023-12-11,2023-12-11,Prince George's,Incident Closed-Managed,,2023-12-11
1623,201857,['Other'],2023-12-11,2023-12-11,Prince George's,Incident Closed-Managed,,2023-12-11
1624,201856,['Other'],2023-12-08,2023-12-08,Prince George's,Incident Closed-Managed,,2023-12-08
1625,201855,['Smoke'],2023-12-06,2023-12-06,Garrett,Incident Closed - No further action,21520,2023-12-06
1626,201852,['Open Burning'],2023-12-05,2023-12-05,Washington,Incident Closed - No further action,21756,2023-12-05
1627,201845,"['Air', 'Odor', 'Open Burning']",2023-12-11,2023-12-03,Montgomery,Referred to Outside Agency,20902,2023-12-03
1628,201843,['Air'],2023-12-08,2023-12-08,Charles,Incident Closed - No further action,20601,2023-12-08
1629,201842,['Air'],2023-12-05,2023-12-05,Anne Arundel,Referred to WMA,21403,2023-12-05
1630,201841,['Air'],2023-12-07,2023-12-07,Charles,Incident Closed - No further action,20646,2023-12-07
1631,201831,['Air'],2023-12-07,2023-12-07,Anne Arundel,Incident Closed - No further action,,2023-12-07
1632,201830,['Air'],2023-12-04,2023-12-04,Frederick,Incident Closed-Managed,21788,2023-12-04
1633,201829,['Air'],2023-12-07,2023-12-06,Charles,Incident Closed - No further action,20601,2023-12-06
1634,201828,['Air'],2023-12-04,2023-12-04,Frederick,Incident Closed-No Violation Observed,21701,2023-12-04
1635,201827,['Air'],2023-12-04,2023-12-04,Frederick,Referred to Attorney General's Office,21757,2023-12-04
1636,201825,['Open Burning'],2023-12-01,2023-12-01,Wicomico,Incident Closed-Managed,21801,2023-12-01
1637,201823,['Smoke'],2023-12-04,,Baltimore,Incident Closed - No further action,,
1638,201822,['Odor'],2023-11-30,2023-11-30,Baltimore City,Incident Closed-Managed,,2023-11-30
1639,201821,['Odor'],2023-11-25,2023-11-25,Baltimore City,Incident Closed-Managed,,2023-11-25
1640,201820,['Odor'],2023-11-17,2023-11-17,Baltimore City,Incident Closed-Managed,,2023-11-17
1641,201819,['Odor'],2023-11-15,2023-11-15,Baltimore City,Incident Closed-Managed,,2023-11-15
1642,201818,['Odor'],2023-11-04,2023-11-04,Baltimore City,Incident Closed-Managed,,2023-11-04
1643,201814,['Other'],2023-12-04,2023-11-29,Prince George's,Incident Closed-Managed,20781,2023-11-29
1644,201810,"['Air', 'Fugitive Dust/Particulate Matter', 'Smoke']",2023-12-01,2023-12-01,Montgomery,Referred to Outside Agency,20902,2023-12-01
1645,201809,['Air'],2023-12-01,2023-11-28,Anne Arundel,Incident Closed-Managed,21403,2023-11-28
1646,191816,"['Air', 'Odor']",2023-11-30,2023-11-30,Cecil,Referred to LMA,21911,2023-11-30
1647,191809,['Fumes'],2023-11-28,,Baltimore,Incident Not Applicable to MDE,,
1648,191804,['Air Pollutant Release'],2023-11-28,2023-10-02,Montgomery,Incident Closed - No further action,20877,2023-10-02
1649,191802,['Air'],2023-11-28,2023-11-27,Anne Arundel,Incident Closed - No further action,21114,2023-11-27
1650,191794,['Air'],2023-11-27,2023-11-27,Frederick,Referred to Attorney General's Office,,2023-11-27
1651,191793,"['Air', 'Odor']",2023-11-22,2023-11-22,Cecil,Referred to LMA,21911,2023-11-22
1652,191783,['Other'],2023-11-21,2023-11-21,Prince George's,Incident Closed-Managed,,2023-11-21
1653,191782,['Other'],2023-11-22,2023-11-21,Prince George's,Incident Closed-Managed,,2023-11-21
1654,191781,['Other'],2023-11-21,2023-11-21,Prince George's,Incident Closed-Managed,,2023-11-21
1655,191780,['Other'],2023-11-21,2023-11-21,Prince George's,Incident Closed-Managed,,2023-11-21
1656,191779,['Other'],2023-11-20,2023-11-20,Prince George's,Incident Closed-Managed,,2023-11-20
1657,191778,['Other'],2023-11-21,2023-11-21,Prince George's,Incident Closed-Managed,,2023-11-21
1658,191777,['Other'],2023-11-20,2023-11-20,Prince George's,Incident Closed-Managed,,2023-11-20
1659,191776,['Other'],2023-11-21,2023-11-21,Prince George's,Incident Closed-Managed,,2023-11-21
1660,191775,['Other'],2023-11-21,2023-11-21,Prince George's,Incident Closed-Managed,,2023-11-21
1661,191774,"['Air', 'Fugitive Dust/Particulate Matter']",2023-10-19,2023-10-19,Cecil,Incident Closed-Managed,21919,2023-10-19
1662,191773,"['Air', 'Odor']",2023-11-16,2023-11-16,Cecil,Referred to Outside Agency,21911,2023-11-16
1663,191772,['Odor'],2023-11-21,,St. Mary's,Referred to Outside Agency,,
1664,191769,['Fugitive Dust/Particulate Matter'],2023-11-21,2023-11-21,Washington,Incident Closed-Managed,21742,2023-11-21
1665,191766,['Air'],2023-11-21,2023-11-21,Anne Arundel,Referred to Attorney General's Office,,2023-11-21
1666,191760,['Odor'],2023-11-17,,Baltimore,Incident Closed-Managed,,
1667,191759,['Other'],2023-11-17,2023-11-17,Prince George's,Incident Closed-Managed,,2023-11-17
1668,191758,['Other'],2023-11-18,2023-11-18,Prince George's,Incident Closed-Managed,,2023-11-18
1669,191757,['Other'],2023-11-19,2023-11-19,Prince George's,Incident Closed-Managed,,2023-11-19
1670,191756,['Other'],2023-11-19,2023-11-19,Prince George's,Incident Closed-Managed,,2023-11-19
1671,191754,['Other'],2023-11-19,2023-11-19,Prince George's,Incident Closed-Managed,,2023-11-19
1672,191748,"['Air', 'Smoke']",2023-11-16,2023-11-16,Carroll,Incident Closed-Managed,,2023-11-16
1673,191747,"['Air', 'Odor']",2023-11-15,2023-11-13,Cecil,Referred to Outside Agency,21911,2023-11-13
1674,191746,['Air'],2023-11-16,2023-11-16,Anne Arundel,Referred to WMA,21403,2023-11-16
1675,191741,['Fumes'],2023-11-13,,Harford,Incident Closed-No Violation Observed,21017,
1676,191739,['Air'],2023-11-13,2023-11-13,Anne Arundel,Incident Not Applicable to MDE,21225,2023-11-13
1677,191738,['Air'],2023-11-14,2023-11-12,Anne Arundel,Under Investigation,,2023-11-12
1678,191737,['Air'],2023-11-11,2023-11-11,Frederick,Incident Closed-Managed,21701,2023-11-11
1679,191736,"['Fugitive Dust/Particulate Matter', 'Smoke']",2023-11-07,2023-11-07,Washington,Incident Closed-Managed,21740,2023-11-07
1680,191735,['Air'],2023-11-08,2023-11-08,Anne Arundel,Incident Closed - No further action,21122,2023-11-08
1681,191731,['Air'],2023-11-13,2023-11-10,Anne Arundel,Under Investigation,,2023-11-10
1682,191730,['Air'],2023-11-13,2023-11-10,Anne Arundel,Under Investigation,,2023-11-10
1683,191729,['Air'],2023-11-10,2023-11-10,Anne Arundel,Under Investigation,21060,2023-11-10
1684,191726,['Air'],2023-11-10,2023-11-10,Frederick,Referred to Attorney General's Office,,2023-11-10
1685,191720,['Other'],2023-11-07,2023-11-07,Prince George's,Incident Closed-Managed,20784,2023-11-07
1686,191718,['Other'],2023-11-03,2023-11-03,Prince George's,Incident Closed-Managed,20746,2023-11-03
1687,191715,"['Air', 'Open Burning']",2023-11-06,2023-11-06,Carroll,Referred to Outside Agency,21158,2023-11-06
1688,191713,['Odor'],2023-11-03,,Baltimore,Incident Not Applicable to MDE,,
1689,191712,['Odor'],2023-11-02,,Baltimore,Referred to Outside Agency,,
1690,191711,['Other'],2023-11-03,2023-11-03,Prince George's,Incident Closed-Managed,,2023-11-03
1691,191710,['Other'],2023-10-30,2023-10-30,Prince George's,Incident Closed-Managed,,2023-10-30
1692,191707,['Air'],2023-11-02,2023-11-02,Frederick,Incident Closed - No further action,21769,2023-11-02
1693,191706,['Air'],2023-11-03,2023-11-02,Anne Arundel,Under Investigation,,2023-11-02
1694,191705,['Air'],2023-11-03,2023-10-31,Charles,Incident Closed - No further action,,2023-10-31
1695,191704,['Odor'],2023-10-30,2023-10-30,Baltimore City,Incident Closed-Managed,,2023-10-30
1696,191703,['Odor'],2023-10-29,2023-10-29,Baltimore City,Incident Closed-Managed,,2023-10-29
1697,191702,['Odor'],2023-11-28,2023-10-28,Baltimore City,Incident Closed-Managed,,2023-10-28
1698,191700,['Odor'],2023-10-27,2023-10-27,Baltimore City,Incident Closed-Managed,,2023-10-27
1699,191699,['Odor'],2023-11-01,2023-11-01,Washington,Incident Closed - No further action,21740,2023-11-01
1700,191697,['Fugitive Dust/Particulate Matter'],2023-10-26,2023-10-26,Washington,Incident Closed-Managed,21742,2023-10-26
1701,191696,['Fugitive Dust/Particulate Matter'],2023-10-26,2023-10-26,Washington,Incident Closed-Managed,21742,2023-10-26
1702,191693,['Air'],2023-11-01,2023-10-31,Frederick,Referred to Attorney General's Office,,2023-10-31
1703,191692,['Air'],2023-10-31,2023-10-31,Anne Arundel,Incident Closed - No further action,21144,2023-10-31
1704,191690,['Air'],2023-11-01,2023-10-30,Anne Arundel,Incident Not Applicable to MDE,,2023-10-30
1705,191689,['Air'],2023-11-01,2023-10-26,Anne Arundel,Under Investigation,,2023-10-26
1706,191686,"['Air', 'Odor']",2023-10-31,2023-10-27,Baltimore,Incident Closed-Managed,21224,2023-10-27
1707,191684,['Other'],2023-10-24,2023-10-24,Baltimore City,Incident Closed-Managed,,2023-10-24
1708,191683,['Odor'],2023-10-24,2023-10-24,Baltimore City,Incident Closed-Managed,,2023-10-24
1709,191682,['Odor'],2023-10-19,2023-10-19,Baltimore City,Incident Closed-Managed,,2023-10-19
1710,191681,['Air Pollutant Release'],2023-10-16,2023-10-16,Baltimore City,Incident Closed - No further action,,2023-10-16
1711,191680,['Air'],2023-10-11,2023-05-06,Baltimore City,Incident Closed-Managed,21226,2023-05-06
1712,191677,"['Air', 'Fumes', 'Odor']",2023-10-26,2023-10-26,Carroll,Incident Closed-Managed,21048,2023-10-26
1713,191675,['Air'],2023-10-30,2023-10-30,Frederick,Incident Closed - No further action,,2023-10-30
1714,191674,['Air'],2023-10-30,2023-10-28,Anne Arundel,Incident Closed - No further action,21037,2023-10-28
1715,191671,['Other'],2023-10-24,2023-10-24,Prince George's,Incident Closed-Managed,,2023-10-24
1716,191667,['Air'],2023-10-26,2023-10-26,Frederick,Clean-up Initiated,,2023-10-26
1717,191665,['Odor'],2023-10-12,2023-10-12,Baltimore City,Incident Closed-Managed,,2023-10-12
1718,191664,['Odor'],2023-10-05,2023-10-05,Baltimore City,Incident Closed-Managed,,2023-10-05
1719,191663,['Odor'],2023-09-26,2023-09-26,Baltimore City,Incident Closed-Managed,,2023-09-26
1720,191662,['Odor'],2023-09-27,2023-09-27,Baltimore City,Incident Closed-Managed,,2023-09-27
1721,191661,['Odor'],2023-09-20,2023-09-20,Baltimore City,Incident Closed-Managed,,2023-09-20
1722,191660,['Odor'],2023-09-12,2023-09-12,Baltimore City,Incident Closed-Managed,,2023-09-12
1723,191659,['Fugitive Dust/Particulate Matter'],2023-09-11,2023-09-11,Baltimore City,Incident Closed-Managed,,2023-09-11
1724,191658,['Odor'],2023-09-11,2023-09-11,Baltimore City,Incident Closed-Managed,,2023-09-11
1725,191657,['Odor'],2023-09-09,2023-09-09,Baltimore City,Incident Closed-Managed,,2023-09-09
1726,191656,['Fugitive Dust/Particulate Matter'],2023-09-08,2023-09-08,Baltimore City,Incident Closed-Managed,,2023-09-08
1727,191655,['Odor'],2023-09-07,2023-09-07,Baltimore City,Incident Closed-Managed,,2023-09-07
1728,191650,['Air'],2023-10-25,2023-10-25,Frederick,Clean-up Initiated,,2023-10-25
1729,191648,['Noise Complaint'],2023-10-23,,Baltimore,Incident Not Applicable to MDE,,
1730,191646,['Air'],2023-10-24,2023-10-24,Frederick,Clean-up Initiated,,2023-10-24
1731,191644,['Air'],2023-10-24,2023-10-24,Frederick,Clean-up Initiated,,2023-10-24
1732,191643,['Air'],2023-10-24,2023-10-23,Charles,Under Investigation,,2023-10-23
1733,191638,['Other'],2023-10-19,2023-10-19,Prince George's,Incident Closed-Managed,20743,2023-10-19
1734,191637,"['Fugitive Dust/Particulate Matter', 'Smoke']",2023-10-18,2023-10-05,Allegany,Incident Closed - No further action,21540-109,2023-10-05
1735,191635,['Other'],2023-10-19,2023-10-19,Prince George's,Incident Closed-Managed,,2023-10-19
1736,191634,['Fugitive Dust/Particulate Matter'],2023-10-18,2023-10-18,Washington,Incident Closed-No Violation Observed,21742,2023-10-18
1737,181632,['Air'],2023-10-19,2023-10-19,St. Mary's,Incident Not Applicable to MDE,,2023-10-19
1738,181626,['Air'],2023-10-18,2023-10-16,Anne Arundel,Incident Closed-No Violation Observed,21037,2023-10-16
1739,181625,['Air'],2023-10-16,2023-10-16,Frederick,Incident Closed - No further action,,2023-10-16
1740,181624,['Air'],2023-10-17,2023-10-17,Anne Arundel,Incident Closed - No further action,,2023-10-17
1741,181622,['Other'],2023-10-16,,Baltimore,Incident Closed-Managed,,
1742,181621,['Odor'],2023-10-15,,Baltimore,Incident Closed-No Violation Observed,,
1743,181617,"['Air', 'Odor', 'Open Burning', 'Smoke']",2023-10-10,2023-10-10,Cecil,Incident Closed-Managed,21919,2023-10-10
1744,181616,"['Air', 'Fugitive Dust/Particulate Matter', 'Other', 'Suspected Operation without Permit']",2023-10-11,2023-10-11,Cecil,Incident Closed-Managed,21901,2023-10-11
1745,181615,"['Air', 'Fumes', 'Odor']",2023-10-13,2023-10-13,Montgomery,Incident Closed-Managed,20852,2023-10-13
1746,181613,['Other'],2023-10-11,2023-10-11,Allegany,Incident Closed - No further action,,2023-10-11
1747,181612,['Other'],2023-10-10,2023-10-10,Allegany,Incident Closed - No further action,,2023-10-10
1748,181611,['Smoke'],2023-09-27,2023-09-27,Allegany,Incident Closed - No further action,21562,2023-09-27
1749,181609,['Air'],2023-10-13,2023-10-13,Anne Arundel,Incident Not Applicable to MDE,,2023-10-13
1750,181607,['Other'],2023-10-05,2023-10-05,Prince George's,Incident Closed-Managed,,2023-10-05
1751,181606,['Other'],2023-10-05,2023-10-05,Prince George's,Incident Closed-Managed,,2023-10-05
1752,181605,['Other'],2023-10-03,2023-10-03,Prince George's,Incident Closed-Managed,,2023-10-03
1753,181598,['Air'],2023-10-11,2023-10-11,Frederick,Incident Closed-Clean-up Completed,21701,2023-10-11
1754,181596,['Fugitive Dust/Particulate Matter'],2023-10-03,2023-10-03,Kent,Incident Closed-No Violation Observed,,2023-10-03
1755,181595,['Odor'],2023-10-09,,Baltimore,Incident Closed-No Violation Observed,21093,
1756,181594,['Smoke'],2023-10-10,,Baltimore,Incident Not Applicable to MDE,,
1757,181593,['Air'],2023-10-10,2023-10-09,Frederick,Clean-up Initiated,21757,2023-10-09
1758,181588,['Air'],2023-10-05,2023-10-05,Frederick,Incident Closed - No further action,21771,2023-10-05
1759,181587,['Air'],2023-10-03,2023-10-03,Frederick,Incident Closed - No further action,,2023-10-03
1760,181586,['Air'],2023-10-04,2023-10-04,Frederick,Clean-up Initiated,21757,2023-10-04
1761,181585,"['Air', 'Odor']",2023-10-05,2023-10-04,Baltimore,Incident Closed-Managed,21224,2023-10-04
1762,181584,['Odor'],2023-10-04,,Harford,Incident Not Applicable to MDE,,
1763,181582,['Odor'],2023-10-04,2023-10-04,Cecil,Referred to Outside Agency,21911,2023-10-04
1764,181579,['Air'],2023-10-04,2023-10-04,Frederick,Clean-up Initiated,,2023-10-04
1765,181578,['Other'],2023-10-02,2023-10-02,Prince George's,Incident Closed-Managed,,2023-10-02
1766,181577,['Other'],2023-08-29,2023-09-29,Prince George's,Incident Closed-Managed,,2023-09-29
1767,181574,['Odor'],2023-10-03,,Baltimore,Incident Closed-Managed,,
1768,181573,['Air'],2023-10-03,2023-10-03,Frederick,Incident Closed-No Violation Observed,21701,2023-10-03
1769,181572,['Air'],2023-10-03,2023-09-29,Anne Arundel,Incident Closed-Managed,21060,2023-09-29
1770,181571,['Air'],2023-10-03,2023-09-29,Anne Arundel,Incident Closed-Managed,21054,2023-09-29
1771,181567,['Odor'],2023-10-01,,Baltimore,Incident Closed-Managed,,
1772,181566,"['Air', 'Asbestos Complaint']",2023-10-02,2023-10-02,Montgomery,Referred to Outside Agency,,2023-10-02
1773,181554,['Air'],2023-09-27,2023-09-27,Frederick,Clean-up Initiated,,2023-09-27
1774,181551,['Air'],2023-09-26,2023-09-25,Frederick,Clean-up In Progress,,2023-09-25
1775,181546,['Other'],2023-09-25,2023-09-18,Howard,Incident Closed-Managed,,2023-09-18
1776,181544,['Other'],2023-09-15,2023-09-15,Allegany,Incident Closed - No further action,,2023-09-15
1778,181532,"['Air', 'Fumes', 'Odor']",2023-09-21,2023-03-22,Montgomery,Incident Closed-Managed,20837,2023-03-22
1779,181531,['Air'],2023-09-21,2023-09-21,Charles,Incident Not Applicable to MDE,,2023-09-21
1780,181530,['Air'],2023-09-21,2023-09-19,Frederick,Incident Closed-No Violation Observed,,2023-09-19
1781,181529,['Air'],2023-09-21,2023-09-19,Anne Arundel,Incident Closed - No further action,21054,2023-09-19
1782,181528,['Air'],2023-09-21,2023-09-18,Frederick,Clean-up Initiated,,2023-09-18
1783,181526,['Fugitive Dust/Particulate Matter'],2023-09-18,,Baltimore,Incident Closed - No further action,21162,
1784,181525,['Smoke'],2023-09-18,,Harford,Incident Closed-Managed,,
1785,181517,['Air'],2023-09-18,2023-09-12,Frederick,Clean-up In Progress,,2023-09-12
1786,181516,['Air'],2023-09-18,2023-09-06,Anne Arundel,Incident Closed - No further action,,2023-09-06
1787,181515,['Air'],2023-09-18,2023-09-05,Anne Arundel,Under Investigation,,2023-09-05
1788,181514,['Odor'],2023-09-14,2023-09-14,Carroll,Referred to Outside Agency,,2023-09-14
1789,181512,['Non-Tidal Wetlands/Waterway'],2023-09-12,2023-09-12,Washington,Referred to WMA,,2023-09-12
1791,181491,['Odor'],2023-09-08,2023-09-08,Dorchester,Incident Closed - No further action,21835,2023-09-08
1792,181490,['Odor'],2023-09-08,2023-09-08,Dorchester,Incident Closed - No further action,21835,2023-09-08
1793,181489,['Odor'],2023-09-08,2023-09-08,Dorchester,Incident Closed - No further action,21835,2023-09-08
1794,181488,['Odor'],2023-09-08,2023-09-08,Dorchester,Incident Closed - No further action,21835,2023-09-08
1795,181487,['Odor'],2023-08-29,2023-08-29,Dorchester,Incident Closed - No further action,21835,2023-08-29
1796,181483,['Other'],2023-09-11,2023-09-11,Washington,Incident Closed-Managed,,2023-09-11
1797,181482,['Other'],2023-09-11,2023-09-10,Prince George's,Incident Closed-Managed,,2023-09-10
1798,181480,['Smoke'],2023-09-11,,Baltimore,Incident Closed - No further action,21228,
1799,181479,['Odor'],2023-09-08,,Baltimore,Incident Closed-Managed,,
1800,181478,['Fugitive Dust/Particulate Matter'],2023-09-08,,Baltimore,Incident Closed-No Violation Observed,,
1801,181462,['Fumes'],2023-09-05,,Harford,Incident Closed-Managed,,
1802,181459,['Odor'],2023-09-01,2023-09-01,Baltimore City,Incident Closed-Managed,,2023-09-01
1803,181458,['Odor'],2023-08-28,2023-08-28,Baltimore City,Incident Closed-Managed,,2023-08-28
1804,181457,['Odor'],2023-08-23,2023-08-23,Baltimore City,Incident Closed-Managed,,2023-08-23
1805,181456,['Odor'],2023-08-23,2023-08-23,Baltimore City,Incident Closed-Managed,,2023-08-23
1806,181455,['Odor'],2023-08-17,2023-08-17,Baltimore City,Incident Closed-Managed,,2023-08-17
1807,181454,['Odor'],2023-08-14,2023-08-14,Baltimore City,Incident Closed-Managed,,2023-08-14
1808,181453,['Odor'],2023-07-24,2023-07-24,Baltimore City,Incident Closed-Managed,,2023-07-24
1809,181452,['ARA AQCP non-regulated entity'],2023-07-21,2023-07-21,Baltimore City,Incident Closed - No further action,,2023-07-21
1810,181451,['Odor'],2023-07-20,2023-07-20,Baltimore City,Incident Closed-Managed,,2023-07-20
1811,181442,['Other'],2023-08-30,2023-08-30,Prince George's,Incident Closed-Managed,,2023-08-30
1812,181440,['Other'],2023-08-30,2023-08-30,Prince George's,Incident Closed-Managed,,2023-08-30
1813,181427,['Other'],2023-08-28,2023-08-28,Prince George's,Incident Closed-Managed,20782,2023-08-28
1814,181426,['Other'],2023-08-25,2023-08-25,Prince George's,Incident Closed-Managed,,2023-08-25
1815,181425,['Other'],2023-08-18,2023-08-18,Prince George's,Incident Closed-Managed,,2023-08-18
1816,181424,['Other'],2023-08-17,2023-08-17,Prince George's,Incident Closed-Managed,,2023-08-17
1817,181422,['Air'],2023-08-29,2023-08-29,Frederick,Incident Closed-Managed,,2023-08-29
1818,181421,['Air'],2023-08-29,2023-08-28,Frederick,Incident Closed-Managed,,2023-08-28
1819,181420,['Air'],2023-08-29,2023-08-28,Anne Arundel,Incident Closed - No further action,,2023-08-28
1820,181419,['Air'],2023-08-29,2023-08-28,Charles,Under Investigation,,2023-08-28
1821,181418,['Other'],2023-08-28,2023-08-28,Frederick,Referred to WMA,21788,2023-08-28
1822,181416,['Odor'],2023-08-22,2023-08-22,Dorchester,Incident Closed - No further action,21835,2023-08-22
1823,181412,['Other'],2023-08-17,2023-08-17,Howard,Incident Closed-Managed,20794,2023-08-17
1824,181403,['Open Burning'],2023-08-21,,Harford,Incident Closed-Managed,,
1825,181391,['Noise Complaint'],2023-08-17,2023-08-16,Anne Arundel,Incident Not Applicable to MDE,,2023-08-16
1826,181379,['Other'],2023-08-10,2023-08-10,Prince George's,Incident Closed-Managed,,2023-08-10
1827,181376,['Odor'],2023-08-14,2023-08-14,Dorchester,Referred to WMA,21643,2023-08-14
1828,181375,"['Fugitive Dust/Particulate Matter', 'Smoke']",2023-08-11,2023-08-11,Washington,Incident Closed-No Violation Observed,21740,2023-08-11
1829,181372,['Odor'],2023-08-10,2023-08-10,Anne Arundel,Incident Closed - No further action,,2023-08-10
1830,181371,['Odor'],2023-08-11,2023-08-09,Baltimore City,Incident Closed - No further action,,2023-08-09
1831,181365,['Odor'],2023-08-07,2023-08-05,Dorchester,Incident Closed-No Violation Observed,21643,2023-08-05
1833,181348,['Other'],2023-08-02,2023-08-02,Garrett,Incident Closed - No further action,21550,2023-08-02
1835,181327,['Odor'],2023-07-31,2023-07-31,Dorchester,Incident Closed - No further action,21643,2023-07-31
1836,181314,['Air'],2023-07-27,2023-07-27,Charles,Under Investigation,,2023-07-27
1837,181313,['Odor'],2023-07-26,,Baltimore,Incident Closed - No further action,,
1838,181311,['Fugitive Dust/Particulate Matter'],2023-07-24,2023-07-24,Washington,Incident Closed-No Violation Observed,21740,2023-07-24
1839,181307,['Odor'],2023-07-26,,Baltimore,Incident Closed - No further action,,
1840,181304,['Odor'],2023-07-15,2023-07-15,Baltimore City,Incident Closed-Managed,,2023-07-15
1841,181303,['Fugitive Dust/Particulate Matter'],2023-07-13,2023-07-13,Baltimore City,Incident Closed-Managed,,2023-07-13
1842,181302,['Odor'],2023-07-09,2023-07-09,Baltimore City,Incident Closed-Managed,,2023-07-09
1843,181301,['Odor'],2023-07-07,2023-07-07,Baltimore City,Incident Closed-Managed,,2023-07-07
1844,181300,['Odor'],2023-07-06,2023-07-06,Baltimore City,Incident Closed-Managed,,2023-07-06
1845,181297,['Odor'],2023-06-26,2023-06-26,Baltimore City,Incident Closed-Managed,,2023-06-26
1846,181296,['Air'],2023-06-24,2023-06-24,Baltimore City,Incident Closed - No further action,,2023-06-24
1847,181295,['Odor'],2023-06-22,2023-06-22,Baltimore City,Incident Closed-Managed,,2023-06-22
1848,181294,['Odor'],2023-06-16,2023-06-16,Baltimore City,Incident Closed-Managed,,2023-06-16
1849,181293,['Odor'],2023-07-12,2023-06-12,Baltimore City,Incident Closed-Managed,,2023-06-12
1850,181292,['Fugitive Dust/Particulate Matter'],2023-06-06,2023-06-06,Baltimore City,Incident Closed - No further action,,2023-06-06
1851,181291,['Odor'],2023-06-05,2023-06-05,Baltimore City,Incident Closed-Managed,,2023-06-05
1852,181290,['Odor'],2023-06-02,2023-06-02,Baltimore City,Incident Closed-Managed,,2023-06-02
1853,181289,['Smoke'],2023-07-24,,Harford,Incident Closed-Managed,,
1854,181284,['Air'],2023-07-17,2022-11-30,Montgomery,Incident Closed-Managed,20879,2022-11-30
1855,181283,"['Air', 'Fugitive Dust/Particulate Matter', 'Odor']",2023-07-14,2023-07-14,Montgomery,Referred to Outside Agency,,2023-07-14
1856,181278,"['Odor', 'Open Burning', 'Smoke']",2023-07-11,2023-07-10,Allegany,Incident Closed-Managed,21501,2023-07-10
1857,171278,['Air'],2023-07-20,2023-07-20,Frederick,Under Investigation,,2023-07-20
1858,171263,"['Odor', 'Open Burning', 'Smoke']",2023-07-06,2023-06-28,Garrett,Incident Closed - No further action,21550,2023-06-28
1859,171261,"['Odor', 'Open Burning', 'Smoke']",2023-07-06,2023-06-16,Garrett,Incident Closed - No further action,21531,2023-06-16
1860,171257,['Air'],2023-07-17,2023-07-17,Frederick,Under Investigation,21757,2023-07-17
1861,171251,['Air'],2023-07-13,2023-07-13,Prince George's,Incident Closed-No Violation Observed,,2023-07-13
1862,171247,['Open Burning'],2023-07-03,2023-07-03,Wicomico,Incident Closed-No Violation Observed,21804,2023-07-03
1863,171235,['Other'],2023-07-06,2023-07-06,Howard,Incident Closed-Managed,,2023-07-06
1864,171234,['Air'],2023-07-10,2023-07-06,Anne Arundel,Incident Closed-Managed,21054,2023-07-06
1865,171233,['Air'],2023-07-10,2023-07-05,Anne Arundel,Incident Closed-Managed,21122,2023-07-05
1866,171232,['Air'],2023-07-10,2023-07-03,Anne Arundel,Incident Closed-Clean-up Completed,21401,2023-07-03
1867,171231,['Air'],2023-07-10,2023-07-06,Frederick,Incident Closed-No Violation Observed,21770,2023-07-06
1868,171223,['Other'],2023-07-05,2023-07-05,Prince George's,Incident Closed-Managed,,2023-07-05
1869,171218,['Other'],2023-06-29,2023-06-29,Howard,Incident Closed-Managed,,2023-06-29
1870,171217,['Other'],2023-06-28,2023-06-28,Prince George's,Incident Closed-Managed,,2023-06-28
1871,171212,['Air'],2023-06-30,2023-06-29,Anne Arundel,Incident Closed - No further action,,2023-06-29
1872,171211,['Smoke'],2023-06-29,,Harford,Incident Closed - No further action,,
1873,171210,"['Air', 'Odor']",2023-06-29,2023-06-29,Carroll,Referred to Outside Agency,21158,2023-06-29
1874,171206,['Odor'],2023-06-27,,Baltimore,Incident Not Applicable to MDE,,
1876,171195,['Air'],2023-06-28,2023-06-28,Baltimore,Incident Closed - No further action,,2023-06-28
1877,171188,['Fumes'],2023-06-26,,Harford,Incident Closed-Managed,,
1878,171187,['Air'],2023-06-27,2023-06-27,Charles,Under Investigation,,2023-06-27
1880,171155,['Air'],2023-06-23,2023-06-23,Frederick,Under Investigation,,2023-06-23
1881,161146,['Fugitive Dust/Particulate Matter'],2023-06-21,,Baltimore,Incident Closed - No further action,,
1882,161144,['Air'],2023-06-21,2023-06-20,Frederick,Under Investigation,,2023-06-20
1883,161143,['Air'],2023-06-21,2023-06-19,Frederick,Under Investigation,,2023-06-19
1884,161141,['Odor'],2023-06-20,2023-06-15,Washington,Referred to WMA,21782,2023-06-15
1885,161135,"['Air', 'Fugitive Dust/Particulate Matter']",2023-06-06,2023-05-22,Cecil,Incident Closed-Managed,21904,2023-05-22
1886,161134,['Air'],2023-06-15,2023-06-13,Anne Arundel,Incident Closed-Managed,20794,2023-06-13
1887,161132,['Open Burning'],2023-06-12,2023-06-12,Cecil,Referred to Outside Agency,21921,2023-06-12
1888,161130,['Fugitive Dust/Particulate Matter'],2023-06-14,,Baltimore,Incident Closed-No Violation Observed,,
1889,161125,['Fugitive Dust/Particulate Matter'],2023-06-14,,Baltimore,Incident Closed-No Violation Observed,,
1890,161116,['Open Burning'],2023-06-05,2023-06-05,Carroll,Referred to Outside Agency,21771,2023-06-05
1891,161115,['Air'],2023-06-12,2023-06-12,Frederick,Under Investigation,,2023-06-12
1892,161112,['Other'],2023-06-07,2023-06-07,Howard,Incident Closed-Managed,,2023-06-07
1893,161111,['Other'],2023-06-06,2023-06-06,Howard,Incident Closed-Managed,,2023-06-06
1894,161106,['Fugitive Dust/Particulate Matter'],2023-06-02,2023-06-02,Allegany,Incident Closed - No further action,,2023-06-02
1895,161105,['Odor'],2023-06-09,,Harford,Referred to Outside Agency,,
1896,161104,['Air'],2023-06-08,,Harford,Incident Closed-Managed,,
1897,161102,['Open Burning'],2023-06-06,2023-06-06,Wicomico,Incident Closed-No Violation Observed,21801,2023-06-06
1898,161102,['Open Burning'],2023-06-06,2023-06-06,Wicomico,Incident Closed-No Violation Observed,21822,2023-06-06
1899,161101,['Fugitive Dust/Particulate Matter'],2023-06-07,2023-06-07,Dorchester,Incident Closed-Managed,21664,2023-06-07
1900,161093,['Air'],2023-06-08,2023-06-07,Frederick,Under Investigation,,2023-06-07
1901,161092,['Air'],2023-06-08,2023-06-05,Frederick,Incident Closed - No further action,,2023-06-05
1902,161089,['Fugitive Dust/Particulate Matter'],2023-05-19,2023-05-10,Washington,Incident Closed-No Violation Observed,21740,2023-05-10
1903,161086,['Non-Tidal Wetlands/Waterway'],2023-05-17,2023-05-17,Allegany,Incident Closed - No further action,21539,2023-05-17
1904,161081,['Odor'],2023-06-01,2023-06-01,Baltimore City,Incident Closed-Managed,,2023-06-01
1905,161080,['Odor'],2023-05-31,2023-05-31,Baltimore City,Incident Closed-Managed,,2023-05-31
1906,161079,['Odor'],2023-05-29,2023-05-29,Baltimore City,Incident Closed-Managed,,2023-05-29
1907,161078,['Odor'],2023-05-28,2023-05-28,Baltimore City,Incident Closed-Managed,,2023-05-28
1908,161077,['Odor'],2023-05-27,2023-05-27,Baltimore City,Incident Closed-Managed,,2023-05-27
1909,161076,['Odor'],2023-05-24,2023-05-24,Baltimore City,Incident Closed-Managed,,2023-05-24
1910,161075,['Odor'],2023-05-19,2023-05-19,Baltimore City,Incident Closed-Managed,,2023-05-19
1911,161074,['Odor'],2023-05-18,2023-05-18,Baltimore City,Incident Closed-Managed,,2023-05-18
1912,161073,['Fugitive Dust/Particulate Matter'],2023-05-17,2023-05-17,Baltimore City,Incident Closed-Managed,,2023-05-17
1913,161072,['Fugitive Dust/Particulate Matter'],2023-05-16,2023-05-16,Baltimore City,Incident Closed-Managed,,2023-05-16
1914,161071,['Odor'],2023-05-10,2023-05-10,Baltimore City,Incident Closed-Managed,,2023-05-10
1915,161070,['Odor'],2023-05-09,2023-05-09,Baltimore City,Incident Closed-Managed,,2023-05-09
1917,161065,['Odor'],2023-05-08,2023-05-08,Baltimore City,Incident Closed-Managed,,2023-05-08
1918,161064,['Other'],2023-06-05,2023-06-05,Howard,Incident Closed-Managed,,2023-06-05
1919,161063,['Other'],2023-06-01,2023-06-01,Prince George's,Incident Closed-Managed,,2023-06-01
1920,161062,['Odor'],2023-05-07,2023-05-07,Baltimore City,Incident Closed-Managed,,2023-05-07
1921,161061,['Other'],2023-06-01,2023-06-01,Howard,Incident Closed-Managed,21075,2023-06-01
1922,161060,['Odor'],2023-05-06,2023-05-06,Baltimore City,Incident Closed-Managed,,2023-05-06
1923,161059,['Other'],2023-05-31,2023-05-31,Howard,Incident Closed-Managed,21075,2023-05-31
1924,161058,['Other'],2023-05-23,2023-05-23,Howard,Incident Closed-Managed,21075,2023-05-23
1925,161057,['Odor'],2023-05-05,2023-05-05,Baltimore City,Incident Closed-Managed,,2023-05-05
1926,161055,['Air'],2023-06-06,2023-06-03,Anne Arundel,Under Investigation,,2023-06-03
1927,161054,['Air'],2023-06-06,2023-06-02,Anne Arundel,Incident Closed-No Violation Observed,,2023-06-02
1928,161042,['Air'],2023-06-02,2023-06-02,Frederick,Under Investigation,,2023-06-02
1929,161041,['Air'],2023-06-02,2023-05-31,Frederick,Under Investigation,,2023-05-31
1930,161040,['Air'],2023-06-02,2023-05-26,Frederick,Under Investigation,,2023-05-26
1931,161035,['Air'],2023-06-02,2023-06-01,Anne Arundel,Under Investigation,,2023-06-01
1932,161034,['Air'],2023-06-02,2023-05-31,Anne Arundel,Incident Closed - No further action,,2023-05-31
1933,161033,['Air'],2023-06-02,2023-05-31,Anne Arundel,Incident Closed-No Violation Observed,21113,2023-05-31
1934,161032,['Air'],2023-06-02,2023-05-30,Anne Arundel,Incident Closed - No further action,,2023-05-30
1935,161031,['Air'],2023-06-02,2023-05-26,Anne Arundel,Incident Closed-No Violation Observed,21113,2023-05-26
1936,161030,['Other'],2023-06-01,,St. Mary's,Incident Closed - No further action,,
1937,161027,"['Air', 'Fugitive Dust/Particulate Matter']",2023-05-31,2023-05-31,Montgomery,Referred to Outside Agency,20912,2023-05-31
1938,161012,"['Air', 'Fumes', 'Odor']",2023-05-25,2023-05-25,Montgomery,Incident Closed-Managed,20837,2023-05-25
1939,161012,"['Air', 'Fumes', 'Odor']",2023-05-25,2023-05-25,Montgomery,Incident Closed-Managed,20853,2023-05-25
1940,161008,['Other'],2023-05-25,,Baltimore,Incident Closed - No further action,,
1941,161002,['Air'],2023-05-24,2023-05-24,Frederick,Under Investigation,,2023-05-24
1942,161000,"['Fumes', 'Odor', 'Smoke']",2023-05-23,2023-05-23,Wicomico,Incident Closed-Managed,21801,2023-05-23
1943,160992,['Odor'],2023-05-22,2023-05-13,Baltimore,Incident Closed - No further action,21222,2023-05-13
1944,160990,"['Air', 'Fumes', 'Odor']",2023-05-19,2023-05-19,Montgomery,Incident Closed-Managed,20837,2023-05-19
1945,160989,"['Air', 'Fumes', 'Odor']",2023-05-19,2023-05-19,Montgomery,Incident Closed-Managed,20853,2023-05-19
1946,160989,"['Air', 'Fumes', 'Odor']",2023-05-19,2023-05-19,Montgomery,Incident Closed-Managed,20837,2023-05-19
1947,160986,['Fumes'],2023-05-18,,Baltimore,Referred to Outside Agency,,
1948,160982,['Air'],2023-05-19,2023-05-18,Frederick,Incident Closed - No further action,,2023-05-18
1949,160982,['Air'],2023-05-19,2023-05-18,Frederick,Incident Closed - No further action,,2023-05-18
1950,160981,['Air'],2023-05-19,2023-05-17,Anne Arundel,Incident Closed - No further action,,2023-05-17
1951,150983,"['Air', 'Fumes', 'Odor']",2023-05-16,2023-05-16,Montgomery,Incident Closed-Managed,20853,2023-05-16
1952,150983,"['Air', 'Fumes', 'Odor']",2023-05-16,2023-05-16,Montgomery,Incident Closed-Managed,20837,2023-05-16
1953,150982,"['Air', 'Fumes', 'Odor']",2023-05-16,2023-05-16,Montgomery,Incident Closed-Managed,20853,2023-05-16
1954,150981,['Air'],2023-05-09,2023-05-09,Montgomery,Incident Closed-Managed,20879,2023-05-09
1955,150978,['Odor'],2023-05-04,2023-05-04,Dorchester,Incident Closed - No further action,21835,2023-05-04
1956,150977,['Fumes'],2023-05-16,,Baltimore,Incident Closed-Managed,,
1957,150965,"['Air', 'Fumes', 'Odor']",2023-05-15,2023-05-15,Montgomery,Incident Closed-Managed,20837,2023-05-15
1958,150964,['Fumes'],2023-05-15,,Baltimore,Incident Closed-Managed,,
1959,150963,['Odor'],2023-05-15,,Baltimore,Referred to Outside Agency,,
1960,150958,['Air'],2023-05-15,2023-05-12,Frederick,Incident Closed - No further action,,2023-05-12
1961,150957,['Air'],2023-05-15,2023-05-09,Frederick,Under Investigation,,2023-05-09
1962,150956,['Air'],2023-05-15,2023-05-08,Anne Arundel,Incident Closed-No Violation Observed,,2023-05-08
1963,150951,['Smoke'],2023-05-12,2023-03-09,Harford,Incident Closed - No further action,,2023-03-09
1964,150950,['Smoke'],2023-05-12,2023-03-09,Harford,Incident Closed - No further action,,2023-03-09
1965,150949,['Smoke'],2023-05-12,2023-03-09,Harford,Incident Closed - No further action,,2023-03-09
1966,150947,"['Air', 'Fumes', 'Odor']",2023-05-11,2023-05-11,Montgomery,Incident Closed-Managed,20837,2023-05-11
1967,150946,['Air'],2023-05-12,2023-05-11,Charles,Incident Closed-No Violation Observed,20601,2023-05-11
1968,150945,"['Air', 'Fumes', 'Odor']",2023-05-07,2023-05-07,Montgomery,Incident Closed-Managed,20837,2023-05-07
1969,150941,['Odor'],2023-04-07,2023-04-07,Howard,Incident Closed - No further action,20723,2023-04-07
1970,150938,"['Air', 'Other']",2023-04-20,2023-04-20,Carroll,Referred to Outside Agency,21776-811,2023-04-20
1971,150932,['Other'],2023-05-08,2023-05-08,Prince George's,Incident Closed-Managed,,2023-05-08
1972,150931,['Other'],2023-05-03,2023-05-03,Prince George's,Incident Closed-Managed,,2023-05-03
1973,150930,['Fugitive Dust/Particulate Matter'],2023-04-20,2023-04-20,Baltimore City,Incident Closed-Managed,,2023-04-20
1974,150929,['Odor'],2023-04-26,2023-04-26,Baltimore City,Incident Closed-Managed,,2023-04-26
1975,150928,['Odor'],2023-04-23,2023-04-23,Baltimore City,Incident Closed-Managed,,2023-04-23
1976,150927,['Odor'],2023-04-22,2023-04-22,Baltimore City,Incident Closed-Managed,,2023-04-22
1977,150926,['Odor'],2023-04-21,2023-04-21,Baltimore City,Incident Closed-Managed,,2023-04-21
1978,150925,['Air'],2023-05-09,2023-05-09,Frederick,Under Investigation,,2023-05-09
1979,150916,['Air'],2023-05-08,2023-05-04,Anne Arundel,Incident Closed-No Violation Observed,,2023-05-04
1980,150915,['Air'],2023-05-08,2023-05-04,Anne Arundel,Incident Closed - No further action,,2023-05-04
1981,150914,['Air'],2023-05-08,2023-05-03,Anne Arundel,Incident Closed - No further action,,2023-05-03
1982,150902,['Open Burning'],2023-05-03,2023-05-03,Somerset,Incident Closed-No Violation Observed,21853,2023-05-03
1983,150896,['Odor'],2023-05-02,,Baltimore,Incident Closed-No Violation Observed,21093,
1984,150894,"['Air', 'Other']",2023-05-01,2023-05-01,Cecil,Incident Closed - No further action,,2023-05-01
1985,150891,['Other'],2023-04-28,2023-04-28,Cecil,Referred to Outside Agency,21901,2023-04-28
1986,150887,['Air'],2023-05-01,2023-04-28,Anne Arundel,Incident Closed - No further action,,2023-04-28
1987,150886,['Air'],2023-05-01,2023-04-26,Anne Arundel,Under Investigation,,2023-04-26
1988,150867,['Other'],2023-04-27,,Baltimore,Incident Closed-Managed,,
1989,150864,"['Air', 'Fugitive Dust/Particulate Matter']",2023-04-20,2023-04-20,Montgomery,Incident Closed-Managed,20852,2023-04-20
1990,150854,"['Open Burning', 'Smoke']",2023-04-19,2023-04-19,Worcester,Incident Closed-No Violation Observed,21851,2023-04-19
1991,150854,"['Open Burning', 'Smoke']",2023-04-19,2023-04-19,Worcester,Incident Closed-No Violation Observed,21851,2023-04-19
1992,150854,"['Open Burning', 'Smoke']",2023-04-19,2023-04-19,Worcester,Incident Closed-No Violation Observed,21851,2023-04-19
1993,150854,"['Open Burning', 'Smoke']",2023-04-19,2023-04-19,Worcester,Incident Closed-No Violation Observed,21851,2023-04-19
1994,150854,"['Open Burning', 'Smoke']",2023-04-19,2023-04-19,Worcester,Incident Closed-No Violation Observed,21851,2023-04-19
1995,150848,['Open Burning'],2023-04-23,,Harford,Incident Closed-Managed,,
1996,150843,['Odor'],2023-04-16,2023-04-16,Baltimore City,Incident Closed-Managed,,2023-04-16
1997,150842,['Odor'],2023-04-03,2023-04-03,Baltimore City,Incident Closed-Managed,,2023-04-03
1998,150841,['Odor'],2023-03-29,2023-03-29,Baltimore City,Incident Closed-Managed,,2023-03-29
1999,150840,['Odor'],2023-03-27,2023-03-27,Baltimore City,Incident Closed-Managed,,2023-03-27
2000,150839,['Odor'],2023-03-26,2023-03-26,Baltimore City,Incident Closed-Managed,,2023-03-26
2001,150837,['Odor'],2023-03-25,2023-03-25,Baltimore City,Incident Closed-Managed,,2023-03-25
2002,140835,['Fugitive Dust/Particulate Matter'],2023-04-19,,Baltimore,Incident Closed - No further action,,
2003,140834,['Air'],2023-04-20,2023-04-20,Anne Arundel,Incident Closed-No Violation Observed,,2023-04-20
2006,140827,['Other'],2023-04-12,2023-04-12,Prince George's,Incident Closed-Managed,,2023-04-12
2007,140826,['Air'],2023-04-19,2023-04-19,Frederick,Under Investigation,,2023-04-19
2008,140816,['Air'],2023-04-17,2023-04-17,Frederick,Under Investigation,,2023-04-17
2009,140809,['Odor'],2023-04-14,,Baltimore,Incident Closed - No further action,,
2010,140797,['Other'],2023-04-09,2023-04-09,Prince George's,Incident Closed-Managed,,2023-04-09
2011,140796,['Other'],2023-04-09,2023-04-09,Prince George's,Incident Closed-Managed,,2023-04-09
2012,140795,['Other'],2023-04-10,2023-04-10,Prince George's,Incident Closed-Managed,,2023-04-10
2013,140792,['Other'],2023-04-12,2023-04-04,Prince George's,Incident Closed-Managed,,2023-04-04
2014,140791,['Other'],2023-04-04,2023-04-04,Prince George's,Incident Closed-Managed,,2023-04-04
2015,140782,"['Air', 'Fumes', 'Odor']",2023-04-10,2023-04-10,Montgomery,Referred to Outside Agency,20837,2023-04-10
2016,140781,"['Air', 'Fumes', 'Odor']",2023-03-30,2023-03-30,Montgomery,Referred to Outside Agency,20837,2023-03-30
2017,140780,"['Air', 'Fumes', 'Other']",2023-03-30,2023-03-30,Montgomery,Referred to Outside Agency,20847,2023-03-30
2018,140778,['Air'],2023-04-10,2023-04-10,Frederick,Incident Closed - No further action,21757,2023-04-10
2019,140777,"['Fumes', 'Open Burning', 'Smoke']",2023-03-31,2023-03-31,Cecil,Referred to Outside Agency,21919,2023-03-31
2020,140776,"['Open Burning', 'Smoke']",2023-03-31,2023-03-31,Cecil,Referred to Outside Agency,21921,2023-03-31
2021,140775,['Fugitive Dust/Particulate Matter'],2023-04-05,2023-04-05,Cecil,Incident Closed - No further action,,2023-04-05
2022,140774,"['Open Burning', 'Smoke']",2023-04-05,2023-04-05,Cecil,Referred to Outside Agency,21919,2023-04-05
2023,140773,['Smoke'],2023-04-05,,St. Mary's,Incident Closed-Managed,,
2024,140772,['Smoke'],2023-04-03,,St. Mary's,Incident Closed-Managed,,
2025,140771,"['Air', 'Odor', 'Smoke']",2023-04-06,2023-04-06,Montgomery,Referred to Outside Agency,,2023-04-06
2026,140769,['Smoke'],2023-04-05,2023-04-05,Wicomico,Incident Closed - No further action,21849,2023-04-05
2027,140768,"['Fumes', 'Smoke']",2023-04-05,2023-04-05,Garrett,Incident Closed-Managed,21536,2023-04-05
2028,140767,['Asbestos Complaint'],2023-03-21,2023-03-21,Allegany,Referred to ARA,21501,2023-03-21
2029,140766,['Other'],2023-03-17,2023-03-17,Allegany,Incident Closed - No further action,,2023-03-17
2030,140765,['Asbestos Complaint'],2023-03-10,2023-03-10,Allegany,Referred to ARA,,2023-03-10
2032,140761,['Odor'],2023-04-05,2023-03-30,Baltimore City,Incident Closed - No further action,21231,2023-03-30
2033,140760,['Air'],2023-04-05,2023-04-05,Anne Arundel,Incident Closed-No Violation Observed,,2023-04-05
2034,140757,['Odor'],2023-03-24,2023-03-24,Dorchester,Incident Closed - No further action,21835,2023-03-24
2035,140756,['Odor'],2023-04-03,2023-04-03,Baltimore City,Incident Closed - No further action,21224,2023-04-03
2036,140752,['Air'],2023-04-04,2023-04-03,Frederick,Incident Closed-Managed,,2023-04-03
2037,140751,['Air'],2023-04-04,2023-04-02,Anne Arundel,Incident Closed-No Violation Observed,,2023-04-02
2038,140750,"['Air', 'Fumes', 'Odor']",2023-03-31,2023-03-31,Cecil,Incident Closed-Managed,21920,2023-03-31
2039,140734,['Air'],2023-03-31,2023-03-29,Frederick,Incident Closed-Managed,21757,2023-03-29
2040,140732,['Other'],2023-03-29,2023-03-29,Prince George's,Incident Closed-Managed,,2023-03-29
2041,140729,['Other'],2023-03-29,,Baltimore,Incident Closed - No further action,,
2042,140728,['Smoke'],2023-03-28,,Baltimore,Referred to Outside Agency,,
2043,140726,"['Odor', 'Smoke']",2023-03-30,2023-03-26,Caroline,Referred to Outside Agency,21629,2023-03-26
2044,140716,"['Air', 'Fumes', 'Odor']",2023-03-27,2023-03-27,Montgomery,Referred to Outside Agency,20837,2023-03-27
2045,140715,['Other'],2023-03-27,2023-03-27,Prince George's,Incident Closed-Managed,,2023-03-27
2046,140714,['Odor'],2023-03-27,2023-03-27,Howard,Incident Closed-Managed,21075,2023-03-27
2047,140713,['Odor'],2023-03-24,2023-03-24,Dorchester,Incident Closed-Managed,21835,2023-03-24
2048,140712,"['Air', 'Fumes', 'Odor']",2023-03-27,2023-03-27,Montgomery,Incident Closed-Managed,20837,2023-03-27
2049,140710,"['Air', 'Fumes', 'Odor', 'Smoke']",2023-03-27,2023-03-27,Montgomery,Incident Closed-Managed,,2023-03-27
2050,140709,"['Air', 'Fumes', 'Smoke']",2023-03-27,2023-03-27,Montgomery,Incident Closed-Managed,,2023-03-27
2051,140708,"['Air', 'Fumes', 'Odor']",2023-03-22,2023-03-22,Montgomery,Referred to Outside Agency,20837,2023-03-22
2052,140707,['Air'],2023-03-28,2023-03-26,Anne Arundel,Incident Closed-Managed,21060,2023-03-26
2053,140706,['Air'],2023-03-28,2023-03-27,Anne Arundel,Incident Closed - No further action,,2023-03-27
2055,140704,"['Fumes', 'Odor', 'Open Burning']",2023-03-22,2023-03-22,Carroll,Referred to Outside Agency,21776,2023-03-22
2056,140700,['Fugitive Dust/Particulate Matter'],2023-03-26,,Harford,Incident Closed-No Violation Observed,21001,
2057,140696,['Odor'],2023-03-22,2023-03-22,Anne Arundel,Incident Closed - No further action,21226,2023-03-22
2058,140690,['Fugitive Dust/Particulate Matter'],2023-03-23,,Harford,Incident Closed-No Violation Observed,,
2059,140676,['Air'],2023-03-22,2023-03-22,Anne Arundel,Incident Closed - No further action,,2023-03-22
2060,140674,['Fugitive Dust/Particulate Matter'],2023-03-21,,Baltimore,Incident Closed-No Violation Observed,,
2061,140673,['Smoke'],2023-03-18,,Baltimore,Incident Closed-No Violation Observed,21228,
2062,140671,['Air'],2023-03-22,2023-03-22,Frederick,Under Investigation,21757,2023-03-22
2063,140670,['Air'],2023-03-22,2023-03-21,Frederick,Under Investigation,21757,2023-03-21
2064,140654,['Air'],2023-03-20,2023-03-20,Anne Arundel,Incident Closed - No further action,,2023-03-20
2065,140652,['Other'],2023-03-15,2023-03-13,Queen Anne's,Incident Closed-Managed,21638,2023-03-13
2066,140651,['Open Burning'],2023-03-14,2023-03-14,Somerset,Incident Closed-Managed,21853,2023-03-14
2067,140649,['Odor'],2023-03-17,2023-03-17,Baltimore City,Incident Closed-Managed,,2023-03-17
2068,140648,['Odor'],2023-03-12,2023-03-12,Baltimore City,Incident Closed-Managed,,2023-03-12
2069,140647,['Odor'],2023-03-10,2023-03-10,Baltimore City,Incident Closed-Managed,,2023-03-10
2070,140646,['Fumes'],2023-03-17,,Baltimore,Incident Closed - No further action,,
2071,140645,['Other'],2023-03-13,,St. Mary's,Incident Closed - No further action,,
2072,140644,['Other'],2023-03-13,,Baltimore,Incident Closed - No further action,,
2073,140640,['Odor'],2023-03-10,2023-03-10,Dorchester,Incident Closed - No further action,21835,2023-03-10
2077,140634,['Air'],2023-03-15,2023-03-10,Anne Arundel,Incident Closed-Managed,21060,2023-03-10
2081,140627,"['Air', 'Odor', 'Smoke']",2023-03-13,2023-03-13,Montgomery,Referred to Outside Agency,,2023-03-13
2083,140624,['Air'],2023-03-13,2023-03-10,Anne Arundel,Incident Closed-No Violation Observed,,2023-03-10
2084,140618,['Air'],2023-03-10,2023-03-09,Anne Arundel,Incident Closed - No further action,21060,2023-03-09
2085,140616,['Odor'],2023-03-10,,Baltimore,Incident Closed - No further action,,
2090,140607,['Air'],2023-03-10,2023-03-09,Anne Arundel,Under Investigation,21122,2023-03-09
